ID_MAPA;kod_GUS;powiat;ID_GUS;jpt_kod_je;jpt_opis;stolica woj..;podregion (uk³ad 66);nr podregionu (do 66);podregion (uk³ad 72);nr podregionu (do 72);województwo;nr wojew;miasta_n_p_pow;odleg³oœæ;gminy_ogó³em  ;gminy_miejskie;gminy_wiejskie;gminy_miejsko-wiejskie;rok;XA02;XA03;XA04;XA05;XA06;XA17;XA19;XA20;XA21;XA28;XA30;XA31;XA40;XA41
1;3183612000;Powiat ni¿añski;170;1812;829081;0;Podregion 36 - tarnobrzeski;36;Podregion 36 - tarnobrzeski;36;Podkarpackie;18;County;53,83567331;7;0;4;3;2015;15582;8253;3029;4300;19,8;36,0;11715;44044;11419;4145;3017,94;72,7;403;7
2;3183413000;Powiat przemyski;158;1813;829082;0;Podregion 34 - przemyski;34;Podregion 34 - przemyski;34;Podkarpackie;18;County;55,24993705;10;0;10;0;2015;20434;14393;1123;4918;17,9;125,2;14238;47878;12199;4124;3195,46;77,0;0;1741
3;3183414000;Powiat przeworski;159;1814;829083;0;Podregion 34 - przemyski;34;Podregion 34 - przemyski;34;Podkarpackie;18;County;41,17651169;9;1;6;2;2015;24367;13814;4408;6145;16,9;113,3;15022;49557;14290;4608;3130,09;75,4;1687;176
4;3183515000;Powiat ropczycko-sêdziszowski;163;1815;829084;0;Podregion 35 - rzeszowski;35;Podregion 35 - rzeszowski;35;Podkarpackie;18;County;26,23431636;5;0;3;2;2015;19901;8230;5539;6132;17,0;323,1;15116;46260;12380;4998;3365,62;81,1;0;0
5;3183516000;Powiat rzeszowski;164;1816;829085;0;Podregion 35 - rzeszowski;35;Podregion 35 - rzeszowski;35;Podkarpackie;18;County;3,846190718;14;1;8;5;2015;51290;26078;11030;14182;12,8;589,6;33572;105406;28364;11675;3333,91;80,3;896;233
6;3183317000;Powiat sanocki;153;1817;829086;0;Podregion 33 - kroœnieñski;33;Podregion 33 - kroœnieñski;33;Podkarpackie;18;County;65,56136592;8;1;6;1;2015;31569;10781;10534;10254;9,9;208,0;17380;60541;17724;6972;3251,52;78,3;9061;0
7;3183618000;Powiat stalowowolski;171;1818;829087;0;Podregion 36 - tarnobrzeski;36;Podregion 36 - tarnobrzeski;36;Podkarpackie;18;County;62,73051546;6;1;5;0;2015;33790;7183;14222;12385;9,6;731,9;18093;68523;21330;8926;3651,26;88,0;17628;164
8;3183519000;Powiat strzy¿owski;165;1819;829088;0;Podregion 35 - rzeszowski;35;Podregion 35 - rzeszowski;35;Podkarpackie;18;County;27,38566935;5;0;4;1;2015;18416;11960;2134;4322;20,2;23,4;11563;39208;11081;3878;2990,08;72,0;143;20
9;3183620000;Powiat tarnobrzeski;172;1820;829089;0;Podregion 36 - tarnobrzeski;36;Podregion 36 - tarnobrzeski;36;Podkarpackie;18;County;54,26335904;4;0;2;2;2015;17778;8040;5588;4150;11,1;309,4;9427;34381;9903;3381;3531,20;85,1;4487;850
10;3183321000;Powiat leski;154;1821;829090;0;Podregion 33 - kroœnieñski;33;Podregion 33 - kroœnieñski;33;Podkarpackie;18;County;85,89672834;5;0;4;1;2015;7569;4166;472;2931;20,9;27,1;4684;17028;5035;2933;3504,61;84,4;934;93
11;3183361000;Powiat Krosno;155;1861;829091;0;Podregion 33 - kroœnieñski;33;Podregion 33 - kroœnieñski;33;Podkarpackie;18;City;43,72285293;1;1;0;0;2015;23530;480;10088;12962;5,9;139,1;7823;28679;10273;5639;3266,12;78,7;18011;0
12;3183563000;Powiat Rzeszów;166;1863;829092;1;Podregion 35 - rzeszowski;35;Podregion 35 - rzeszowski;35;Podkarpackie;18;City;0;1;1;0;0;2015;86665;3399;21268;61998;7,3;1086,5;32900;117746;35250;25648;4231,81;101,9;28763;0
13;3183462000;Powiat Przemyœl;160;1862;829093;0;Podregion 34 - przemyski;34;Podregion 34 - przemyski;34;Podkarpackie;18;City;64,67083948;1;1;0;0;2015;18401;1399;3619;13383;14,9;31,9;10165;38777;13778;6262;3501,18;84,3;13113;0
14;3183664000;Powiat Tarnobrzeg;173;1864;829094;0;Podregion 36 - tarnobrzeski;36;Podregion 36 - tarnobrzeski;36;Podkarpackie;18;City;60,96097784;1;1;0;0;2015;12035;1798;2352;7885;13,3;50,8;7605;29868;10343;4912;3284,02;79,1;19264;0
15;1142610000;Powiat ³osicki;33;1410;829095;0;Podregion 26 - ostro³êcko-siedlecki;26;Podregion 71 - siedlecki;71;Mazowieckie;14;County;123,122972;6;0;5;1;2015;15694;8236;2470;4988;13,8;65,0;10766;33010;9477;3611;3485,56;84,0;8722;513
16;1142914000;Powiat nowodworski-mazowieckie;57;1414;829099;0;Podregion 29 - warszawski wschodni;29;Podregion 29 - warszawski wschodni;29;Mazowieckie;14;County;35,03262213;6;1;3;2;2015;17266;3731;3930;9605;13,9;410,2;14250;46644;15244;8432;4003,47;96,4;7913;2274
17;1142615000;Powiat ostro³êcki;35;1415;829100;0;Podregion 26 - ostro³êcko-siedlecki;26;Podregion 26 - ostro³êcki;26;Mazowieckie;14;County;106,9242365;11;0;10;1;2015;16647;629;5676;10342;13,3;426,6;9629;33322;9620;5960;4108,75;99,0;32287;0
18;1142616000;Powiat ostrowski-mazowieckie;36;1416;829101;0;Podregion 26 - ostro³êcko-siedlecki;26;Podregion 26 - ostro³êcki;26;Mazowieckie;14;County;88,70018639;11;1;9;1;2015;10129;6560;1084;2485;10,9;12,4;6902;20939;5728;2737;3501,61;84,4;3400;100
19;1142917000;Powiat otwocki;58;1417;829102;0;Podregion 29 - warszawski wschodni;29;Podregion 29 - warszawski wschodni;29;Mazowieckie;14;County;29,04730221;8;2;5;1;2015;11698;4748;2216;4734;18,7;44,9;7907;28732;9353;3423;3270,47;78,8;3798;0
20;1143018000;Powiat piaseczyñski;62;1418;829103;0;Podregion 30 - warszawski zachodni;30;Podregion 30 - warszawski zachodni;30;Mazowieckie;14;County;25,38375876;6;0;2;4;2015;12504;8543;1104;2857;10,1;21,0;5831;19378;6566;2308;3373,06;81,3;1245;346
21;1142519000;Powiat p³ocki;28;1419;829104;0;Podregion 25 - ciechanowsko-p³ocki;25;Podregion 70 - p³ocki;70;Mazowieckie;14;County;88,87525643;15;0;12;3;2015;13237;6586;2189;4462;20,1;30,3;10068;32316;9253;3971;3165,95;76,3;1988;8
22;1142520000;Powiat p³oñski;29;1420;829105;0;Podregion 25 - ciechanowsko-p³ocki;25;Podregion 25 - ciechanowski;25;Mazowieckie;14;County;63,88594961;12;2;10;0;2015;11567;7480;1102;2985;19,7;25,3;7483;24610;7643;2663;3181,04;76,6;2480;110
23;1143021000;Powiat pruszkowski;63;1421;829106;0;Podregion 30 - warszawski zachodni;30;Podregion 30 - warszawski zachodni;30;Mazowieckie;14;County;21,14433595;6;2;3;1;2015;24363;14203;4702;5458;8,7;191,2;16365;50385;14653;5393;3253,13;78,4;0;205
24;1142622000;Powiat przasnyski;37;1422;829107;0;Podregion 26 - ostro³êcko-siedlecki;26;Podregion 26 - ostro³êcki;26;Mazowieckie;14;County;100,3741848;7;1;5;1;2015;18679;7867;5640;5172;13,9;1980,2;10832;38398;12089;4106;4698,55;113,2;1100;300
25;1142723000;Powiat przysuski;48;1423;829108;0;Podregion 27 - radomski;27;Podregion 27 - radomski;27;Mazowieckie;14;County;98,2665617;8;0;7;1;2015;21269;3590;7286;10393;9,9;464,8;14898;49747;14165;7603;4714,08;113,6;5098;330
26;1142912000;Powiat miñski;56;1412;829097;0;Podregion 29 - warszawski wschodni;29;Podregion 29 - warszawski wschodni;29;Mazowieckie;14;County;40,24266173;13;2;9;2;2015;38105;3191;9468;25446;4,3;772,7;22592;69495;20870;18287;4525,62;109,0;11646;9321
27;1142513000;Powiat m³awski;27;1413;829098;0;Podregion 25 - ciechanowsko-p³ocki;25;Podregion 25 - ciechanowski;25;Mazowieckie;14;County;101,1263558;10;1;9;0;2015;24516;12078;4005;8433;14,4;173,4;16665;54937;16668;6372;3555,74;85,7;2154;157
28;1142624000;Powiat pu³tuski;38;1424;829109;0;Podregion 26 - ostro³êcko-siedlecki;26;Podregion 25 - ciechanowski;25;Mazowieckie;14;County;49,5961608;7;0;6;1;2015;12652;8563;1340;2749;13,7;22,7;5851;21625;7587;2610;3476,69;83,8;1010;0
29;1142725000;Powiat radomski;49;1425;829110;0;Podregion 27 - radomski;27;Podregion 27 - radomski;27;Mazowieckie;14;County;97,38971503;13;1;10;2;2015;30621;3790;10497;16334;6,7;480,6;23893;75097;24130;15525;3853,17;92,8;22936;0
30;1142626000;Powiat siedlecki;39;1426;829111;0;Podregion 26 - ostro³êcko-siedlecki;26;Podregion 71 - siedlecki;71;Mazowieckie;14;County;86,18117248;13;0;12;1;2015;13048;8599;1287;3162;23,7;25,6;7716;26305;8550;2797;3330,53;80,2;2266;0
31;1142527000;Powiat sierpecki;30;1427;829112;0;Podregion 25 - ciechanowsko-p³ocki;25;Podregion 70 - p³ocki;70;Mazowieckie;14;County;111,9682188;7;1;6;0;2015;11816;6762;1261;3793;20,7;43,2;8899;28299;8816;3693;3217,27;77,5;2651;0
32;1142629000;Powiat soko³owski;40;1429;829113;0;Podregion 26 - ostro³êcko-siedlecki;26;Podregion 71 - siedlecki;71;Mazowieckie;14;County;88,41397917;9;1;7;1;2015;31778;17699;5699;8380;25,1;106,0;31187;95741;24533;10576;3130,03;75,4;4612;838
33;1143028000;Powiat sochaczewski;64;1428;829114;0;Podregion 30 - warszawski zachodni;30;Podregion 30 - warszawski zachodni;30;Mazowieckie;14;County;56,92538944;8;1;7;0;2015;18456;8384;3866;6206;9,4;204,1;9694;33713;11745;3953;3568,59;86,0;2756;0
34;1142730000;Powiat szyd³owiecki;50;1430;829115;0;Podregion 27 - radomski;27;Podregion 27 - radomski;27;Mazowieckie;14;County;114,050799;5;0;4;1;2015;42858;6388;12407;24063;13,2;1403,2;51165;146740;37138;28848;3634,53;87,6;15423;268
35;1143032000;Powiat warszawski zachodni;65;1432;829116;0;Podregion 30 - warszawski zachodni;30;Podregion 30 - warszawski zachodni;30;Mazowieckie;14;County;26,58442295;7;0;4;3;2015;18710;10318;3004;5388;11,3;254,6;12691;41213;13101;4740;3273,22;78,9;1200;164
36;1142633000;Powiat wêgrowski;41;1433;829117;0;Podregion 26 - ostro³êcko-siedlecki;26;Podregion 71 - siedlecki;71;Mazowieckie;14;County;62,00221613;9;1;7;1;2015;7880;3442;1506;2932;30,8;14,7;7645;25214;7382;3038;3103,03;74,8;3456;230
37;1142701000;Powiat bia³obrzeski;45;1401;829118;0;Podregion 27 - radomski;27;Podregion 27 - radomski;27;Mazowieckie;14;County;69,92315835;6;0;4;2;2015;29810;12870;7257;9683;13,3;133,5;23177;67047;18516;7393;3671,07;88,4;4003;778
38;1142502000;Powiat ciechanowski;25;1402;829119;0;Podregion 25 - ciechanowsko-p³ocki;25;Podregion 25 - ciechanowski;25;Mazowieckie;14;County;76,04736381;9;1;7;1;2015;22617;5554;5931;11132;15,2;369,1;16493;57173;16661;7325;3702,17;89,2;8244;200
39;1142903000;Powiat garwoliñski;54;1403;829120;0;Podregion 29 - warszawski wschodni;29;Podregion 29 - warszawski wschodni;29;Mazowieckie;14;County;61,08950064;14;2;10;2;2015;41834;1680;11401;28753;6,2;1470,4;30937;97720;32119;27125;5064,05;122,0;37881;1964
40;1142504000;Powiat gostyniñski;26;1404;829121;0;Podregion 25 - ciechanowsko-p³ocki;25;Podregion 70 - p³ocki;70;Mazowieckie;14;County;100,7310461;5;1;4;0;2015;22018;7833;6946;7239;12,2;277,1;14004;46270;13484;5253;3158,83;76,1;2114;0
41;1143005000;Powiat grodziski-mazowieckie;60;1405;829122;0;Podregion 30 - warszawski zachodni;30;Podregion 30 - warszawski zachodni;30;Mazowieckie;14;County;36,37156789;6;2;3;1;2015;12076;5215;2403;4458;20,6;111,3;10068;33277;9635;3353;3253,31;78,4;4776;114
42;1143006000;Powiat grójecki;61;1406;829123;0;Podregion 30 - warszawski zachodni;30;Podregion 30 - warszawski zachodni;30;Mazowieckie;14;County;53,13964579;10;0;6;4;2015;45441;915;17219;27307;10,3;2273,1;20771;74692;26268;12394;5078,16;122,3;54970;0
43;1142707000;Powiat kozienicki;46;1407;829124;0;Podregion 27 - radomski;27;Podregion 27 - radomski;27;Mazowieckie;14;County;74,28951247;7;0;6;1;2015;16263;1560;3442;11261;12,4;300,6;23759;69521;19962;16101;3889,27;93,7;31924;612
44;1142736000;Powiat zwoleñski;51;1436;829125;0;Podregion 27 - radomski;27;Podregion 27 - radomski;27;Mazowieckie;14;County;106,5282945;5;0;4;1;2015;21675;2026;6279;13370;5,6;362,6;18568;55199;16889;12463;4211,62;101,5;16406;329
45;1142908000;Powiat legionowski;55;1408;829126;0;Podregion 29 - warszawski wschodni;29;Podregion 29 - warszawski wschodni;29;Mazowieckie;14;County;24,73796365;5;1;3;1;2015;25187;7175;6033;11979;8,7;248,5;16058;53209;15900;8687;4016,39;96,8;3881;313
46;1142709000;Powiat lipski;47;1409;829127;0;Podregion 27 - radomski;27;Podregion 27 - radomski;27;Mazowieckie;14;County;126,3454517;6;0;5;1;2015;31086;8123;8458;14505;8,7;288,1;31138;93437;26945;14079;3533,17;85,1;2931;102
47;1142934000;Powiat wo³omiñski;59;1434;829128;0;Podregion 29 - warszawski wschodni;29;Podregion 29 - warszawski wschodni;29;Mazowieckie;14;County;31,006033;12;4;5;3;2015;25300;14173;3895;7232;16,9;178,0;21135;70346;19557;7234;3449,24;83,1;215;2249
48;1142635000;Powiat wyszkowski;42;1435;829129;0;Podregion 26 - ostro³êcko-siedlecki;26;Podregion 26 - ostro³êcki;26;Mazowieckie;14;County;55,10466899;6;0;5;1;2015;10831;6975;1005;2851;18,8;9,1;6947;22952;6862;2109;3365,55;81,1;5294;0
49;1142537000;Powiat ¿uromiñski;31;1437;829130;0;Podregion 25 - ciechanowsko-p³ocki;25;Podregion 25 - ciechanowski;25;Mazowieckie;14;County;115,7232562;6;0;4;2;2015;23553;16002;2781;4770;15,2;100,8;18493;56219;13666;5314;3556,24;85,7;50;0
50;3060901000;Powiat bialski;125;601;828986;0;Podregion 09 - bialski;9;Podregion 09 - bialski;9;Lubelskie;6;County;94,05352434;19;2;17;0;2015;32715;19055;3197;10463;12,9;200,4;21881;69559;21067;6636;3127,01;75,3;2231;2594
51;3061002000;Powiat bi³gorajski;130;602;828987;0;Podregion 10 - che³msko-zamojski;10;Podregion 10 - che³msko-zamojski;10;Lubelskie;6;County;82,20873011;14;1;10;3;2015;37717;24486;5386;7845;8,0;69,4;18818;63886;19943;7535;3343,68;80,6;6252;164
52;3061003000;Powiat che³mski;131;603;828988;0;Podregion 10 - che³msko-zamojski;10;Podregion 10 - che³msko-zamojski;10;Lubelskie;6;County;70;15;1;14;0;2015;22889;16718;1377;4794;16,9;50,7;14642;50244;14491;3774;3251,54;78,3;3116;553
53;3061004000;Powiat hrubieszowski;132;604;828989;0;Podregion 10 - che³msko-zamojski;10;Podregion 10 - che³msko-zamojski;10;Lubelskie;6;County;106,4287504;8;1;7;0;2015;20570;13704;1127;5739;17,7;79,4;11065;40726;14148;4292;3275,78;78,9;3274;330
54;3061205000;Powiat janowski;143;605;828990;0;Podregion 12 - pu³awski;12;Podregion 12 - pu³awski;12;Lubelskie;6;County;57,20225349;7;0;6;1;2015;19042;13527;1891;3624;12,2;54,8;8478;28992;9425;3407;3436,38;82,8;2004;0
55;3061006000;Powiat krasnostawski;133;606;828991;0;Podregion 10 - che³msko-zamojski;10;Podregion 10 - che³msko-zamojski;10;Lubelskie;6;County;49,84498345;10;1;9;0;2015;21911;13751;3072;5088;15,1;38,9;10471;39796;15155;3746;3315,19;79,9;9907;1205
56;3061207000;Powiat kraœnicki;144;607;828992;0;Podregion 12 - pu³awski;12;Podregion 12 - pu³awski;12;Lubelskie;6;County;46,45633709;10;1;8;1;2015;32752;19709;4942;8101;13,0;190,3;16777;60146;20646;6191;3197,23;77,0;19097;874
57;3061108000;Powiat lubartowski;138;608;828993;0;Podregion 11 - lubelski;11;Podregion 11 - lubelski;11;Lubelskie;6;County;32,47885456;13;1;10;2;2015;26946;15160;4415;7371;14,1;204,8;16934;55513;17055;5832;3144,70;75,8;8392;330
58;3061109000;Powiat lubelski;139;609;828994;0;Podregion 11 - lubelski;11;Podregion 11 - lubelski;11;Lubelskie;6;County;11,70407214;16;0;14;2;2015;41038;26524;4946;9568;10,0;126,2;30019;94681;26478;11721;3239,53;78,0;5665;2080
59;3061110000;Powiat ³êczyñski;140;610;828995;0;Podregion 11 - lubelski;11;Podregion 11 - lubelski;11;Lubelskie;6;County;29,35135005;6;0;5;1;2015;21002;7793;8218;4991;8,3;348,0;11094;37550;8757;3279;5112,84;123,2;17131;867
60;3061211000;Powiat ³ukowski;145;611;828996;0;Podregion 12 - pu³awski;12;Podregion 12 - pu³awski;12;Lubelskie;6;County;76,37807734;11;2;9;0;2015;33651;17763;5864;10024;8,9;143,9;22805;66338;19454;8292;3065,51;73,9;6673;180
61;3061212000;Powiat opolski-lubelskie;146;612;828997;0;Podregion 12 - pu³awski;12;Podregion 12 - pu³awski;12;Lubelskie;6;County;43,16612945;7;0;5;2;2015;20667;14218;2103;4346;13,0;103,0;10754;37757;12453;3866;3257,97;78,5;702;580
62;3060913000;Powiat parczewski;126;613;828998;0;Podregion 09 - bialski;9;Podregion 09 - bialski;9;Lubelskie;6;County;52,97329903;7;0;6;1;2015;11166;6861;1344;2961;12,2;52,3;6412;21997;7219;2422;3217,95;77,5;8375;0
63;3061214000;Powiat pu³awski;147;614;828999;0;Podregion 12 - pu³awski;12;Podregion 12 - pu³awski;12;Lubelskie;6;County;41,72954728;11;1;8;2;2015;37677;13948;9738;13991;8,9;433,1;19848;69432;25926;9752;4022,67;96,9;18393;381
64;3060915000;Powiat radzyñski;127;615;829000;0;Podregion 09 - bialski;9;Podregion 09 - bialski;9;Lubelskie;6;County;65,34547638;8;1;7;0;2015;19413;11319;2857;5237;12,8;79,3;11821;37202;11264;3861;3243,52;78,1;986;0
65;3061216000;Powiat rycki;148;616;829001;0;Podregion 12 - pu³awski;12;Podregion 12 - pu³awski;12;Lubelskie;6;County;63,44894571;6;1;4;1;2015;16364;8049;2843;5472;12,5;66,6;10377;35540;11471;3854;3207,52;77,3;6168;0
66;3061117000;Powiat œwidnicki-lubelskie;141;617;829002;0;Podregion 11 - lubelski;11;Podregion 11 - lubelski;11;Lubelskie;6;County;23,50818824;5;1;3;1;2015;18404;6763;5590;6051;14,3;110,0;12509;44553;15580;5632;4050,02;97,6;28804;520
67;3061018000;Powiat tomaszowski-lubelskie;134;618;829003;0;Podregion 10 - che³msko-zamojski;10;Podregion 10 - che³msko-zamojski;10;Lubelskie;6;County;108,5983612;13;1;11;1;2015;28714;18310;3508;6896;12,5;75,7;14788;53528;17389;6573;3144,81;75,8;4591;138
68;3060961000;Powiat Bia³a Podlaska;129;661;829004;0;Podregion 09 - bialski;9;Podregion 09 - bialski;9;Lubelskie;6;City;97,74543709;1;1;0;0;2015;15099;1365;3044;10690;13,7;71,0;10265;37000;10149;5830;3643,59;87,8;4020;0
69;3060919000;Powiat w³odawski;128;619;829005;0;Podregion 09 - bialski;9;Podregion 09 - bialski;9;Lubelskie;6;County;64,10113836;8;1;7;0;2015;9801;5159;1420;3222;20,8;21,0;6981;24530;7769;2734;3267,12;78,7;1979;104
70;3061020000;Powiat zamojski;135;620;829006;0;Podregion 10 - che³msko-zamojski;10;Podregion 10 - che³msko-zamojski;10;Lubelskie;6;County;75,39154383;15;0;12;3;2015;34115;24726;3621;5768;13,9;74,3;19079;67288;22026;6390;3021,19;72,8;1317;182
71;3061163000;Powiat Lublin;142;663;829007;1;Podregion 11 - lubelski;11;Podregion 11 - lubelski;11;Lubelskie;6;City;0;1;1;0;0;2015;124252;4960;22277;97015;7,9;1643,5;56090;209771;74866;43922;4060,17;97,8;103178;0
72;3061062000;Powiat Che³m;136;662;829008;0;Podregion 10 - che³msko-zamojski;10;Podregion 10 - che³msko-zamojski;10;Lubelskie;6;City;65,42012422;1;1;0;0;2015;15473;1606;3257;10610;14,7;90,7;9986;40766;13518;5843;3371,93;81,2;17187;0
73;3061064000;Powiat Zamoœæ;137;664;829009;0;Podregion 10 - che³msko-zamojski;10;Podregion 10 - che³msko-zamojski;10;Lubelskie;6;City;77,21111658;1;1;0;0;2015;19054;1774;3179;14101;14,0;126,6;10826;41219;12743;7800;3684,12;88,8;28318;0
74;2122402000;Powiat brzeski-ma³opolskie;85;1202;829010;0;Podregion 24 - tarnowski;24;Podregion 24 - tarnowski;24;Ma³opolskie;12;County;50,66948783;7;0;5;2;2015;40957;1377;14111;25469;8,2;342,6;17586;68033;25025;11400;3668,76;88,4;44582;0
75;2122001000;Powiat bocheñski;67;1201;829011;0;Podregion 20 - krakowski;20;Podregion 20 - krakowski;20;Ma³opolskie;12;County;35,59735938;9;1;7;1;2015;29632;11958;8253;9421;7,0;367,2;22045;65909;17462;8617;3464,39;83,5;11742;216
76;2122303000;Powiat chrzanowski;80;1203;829012;0;Podregion 23 - oœwiêcimski;23;Podregion 23 - oœwiêcimski;23;Ma³opolskie;12;County;40,71814205;5;0;1;4;2015;34628;6214;12754;15660;9,5;879,0;27307;96501;31011;14185;3677,68;88,6;50179;531
77;2122404000;Powiat d¹browski;86;1204;829013;0;Podregion 24 - tarnowski;24;Podregion 24 - tarnowski;24;Ma³opolskie;12;County;78,98371818;7;0;5;2;2015;45797;21486;7797;16514;10,7;279,9;39544;119695;31278;15407;3121,96;75,2;12338;150
78;2122205000;Powiat gorlicki;74;1205;829014;0;Podregion 22 - nowos¹decki;22;Podregion 22 - nowos¹decki;22;Ma³opolskie;12;County;102,204056;10;1;7;2;2015;34037;18795;5410;9832;11,3;121,5;21617;68057;19466;7818;3060,43;73,7;4710;107
79;2122006000;Powiat krakowski;68;1206;829015;0;Podregion 20 - krakowski;20;Podregion 20 - krakowski;20;Ma³opolskie;12;County;11,55154613;17;0;12;5;2015;69276;19844;18413;31019;6,5;1231,8;53471;169881;47138;28740;4204,13;101,3;34604;553
80;2122207000;Powiat limanowski;75;1207;829016;0;Podregion 22 - nowos¹decki;22;Podregion 22 - nowos¹decki;23;Ma³opolskie;12;County;45,38674316;12;2;10;0;2015;39419;23131;6036;10252;13,5;128,4;30830;79879;18990;9621;3167,23;76,3;2189;1650
81;2122008000;Powiat miechowski;69;1208;829017;0;Podregion 20 - krakowski;20;Podregion 20 - krakowski;20;Ma³opolskie;12;County;37,09527221;7;0;6;1;2015;16409;10585;807;5017;8,8;86,0;8468;30128;10996;4390;3189,73;76,8;100;0
82;2122009000;Powiat myœlenicki;70;1209;829018;0;Podregion 20 - krakowski;20;Podregion 20 - krakowski;20;Ma³opolskie;12;County;27,65689706;9;0;6;3;2015;32248;13918;7792;10538;7,5;239,1;27081;79039;18900;12108;3094,21;74,5;3247;0
83;2122210000;Powiat nowos¹decki;76;1210;829019;0;Podregion 22 - nowos¹decki;22;Podregion 22 - nowos¹decki;24;Ma³opolskie;12;County;77,01825186;16;1;11;4;2015;51072;27300;8621;15151;13,6;333,3;49549;132622;30723;15426;3142,18;75,7;7113;30
84;2122211000;Powiat nowotarski;77;1211;829020;0;Podregion 22 - nowos¹decki;22;Podregion 69 - nowotarski;69;Ma³opolskie;12;County;61,2281169;14;1;11;2;2015;33085;1074;11040;20971;7,6;450,3;15710;52066;16127;9682;3302,29;79,6;14508;0
85;2122312000;Powiat olkuski;81;1212;829021;0;Podregion 23 - oœwiêcimski;23;Podregion 23 - oœwiêcimski;23;Ma³opolskie;12;County;38,16863416;6;1;3;2;2015;40035;11454;13410;15171;8,7;333,6;31834;99922;27782;16206;3115,83;75,1;17661;0
86;2122313000;Powiat oœwiêcimski;82;1213;829022;0;Podregion 23 - oœwiêcimski;23;Podregion 23 - oœwiêcimski;23;Ma³opolskie;12;County;52,48893601;9;1;4;4;2015;26672;13316;5190;8166;10,3;321,9;18656;58644;15683;6485;3171,11;76,4;2008;10
87;2122014000;Powiat proszowicki;71;1214;829023;0;Podregion 20 - krakowski;20;Podregion 20 - krakowski;20;Ma³opolskie;12;County;31,77098674;6;0;5;1;2015;14246;9990;622;3634;9,4;33,1;7814;27296;8606;3402;3313,87;79,8;3172;0
88;2122315000;Powiat suski;83;1215;829024;0;Podregion 23 - oœwiêcimski;23;Podregion 69 - nowotarski;69;Ma³opolskie;12;County;46,92396982;9;2;6;1;2015;17520;11474;1785;4261;16,1;32,9;10831;38287;10256;3164;3245,29;78,2;55;212
89;2122416000;Powiat tarnowski;87;1216;829025;0;Podregion 24 - tarnowski;24;Podregion 24 - tarnowski;24;Ma³opolskie;12;County;73,27073944;16;0;10;6;2015;23126;10214;6093;6819;8,0;164,5;17147;52354;14674;7812;3323,95;80,1;2465;127
90;2122217000;Powiat tatrzañski;78;1217;829026;0;Podregion 22 - nowos¹decki;22;Podregion 69 - nowotarski;69;Ma³opolskie;12;County;80,25353766;5;1;4;0;2015;27421;2408;12023;12990;11,9;455,5;20588;79410;26465;11693;3554,03;85,6;17702;852
91;2122318000;Powiat wadowicki;84;1218;829027;0;Podregion 23 - oœwiêcimski;23;Podregion 23 - oœwiêcimski;23;Ma³opolskie;12;County;40,52395883;10;0;7;3;2015;52455;31718;7591;13146;11,6;667,0;40353;127293;32954;12013;3049,76;73,5;262;820
92;2122463000;Powiat Tarnów;88;1263;829028;0;Podregion 24 - tarnowski;24;Podregion 24 - tarnowski;24;Ma³opolskie;12;City;74,78618897;1;1;0;0;2015;17183;6653;1142;9388;12,9;204,8;13131;42038;12715;9947;3520,09;84,8;8594;214
93;2122019000;Powiat wielicki;72;1219;829029;0;Podregion 20 - krakowski;20;Podregion 20 - krakowski;20;Ma³opolskie;12;County;17,845533;5;0;3;2;2015;27530;6231;9894;11405;7,6;645,0;25242;76637;19655;13736;3812,11;91,8;3706;269
94;2122161000;Powiat Kraków;73;1261;829030;1;Podregion 21 - m. Kraków;21;Podregion 21 - m. Kraków;21;Ma³opolskie;12;City;0;1;1;0;0;2015;320625;4489;63170;252966;4,4;4655,4;120953;471743;168373;130233;4431,17;106,8;359081;0
95;2122262000;Powiat Nowy S¹cz;79;1262;829031;0;Podregion 22 - nowos¹decki;22;Podregion 22 - nowos¹decki;27;Ma³opolskie;12;City;70,70574999;1;1;0;0;2015;32090;8302;11637;12151;12,3;393,2;18794;70646;23708;11798;3731,21;89,9;29752;1979
96;1101762000;Powiat Piotrków Trybunalski;11;1062;829032;0;Podregion 17 - piotrkowski;17;Podregion 17 - piotrkowski;17;£ódzkie;10;City;42,40762988;1;1;0;0;2015;25185;854;8446;15885;9,3;307,4;13150;45499;16534;7501;3107,13;74,9;9242;0
97;1101963000;Powiat Skierniewice;24;1063;829033;0;Podregion 19 - skierniewicki;19;Podregion 19 - skierniewicki;19;£ódzkie;10;City;53,40083636;1;1;0;0;2015;12359;657;4407;7295;9,1;161,5;8734;29888;9766;4995;3218,53;77,5;2038;0
98;1101701000;Powiat be³chatowski;6;1001;829034;0;Podregion 17 - piotrkowski;17;Podregion 17 - piotrkowski;17;£ódzkie;10;County;49,2069285;8;1;6;1;2015;42248;6997;19725;15526;8,8;2590,7;20710;73890;18316;8962;5791,89;139,5;7450;0
99;1101902000;Powiat kutnowski;19;1002;829035;0;Podregion 19 - skierniewicki;19;Podregion 19 - skierniewicki;19;£ódzkie;10;County;53,0953962;11;1;8;2;2015;29467;8945;9316;11206;14,2;555,3;15590;61700;21968;7659;3553,67;85,6;15609;346
100;1101803000;Powiat ³aski;12;1003;829036;0;Podregion 18 - sieradzki;18;Podregion 18 - sieradzki;18;£ódzkie;10;County;40,24872367;5;0;4;1;2015;12827;5625;3024;4178;13,2;63,3;8571;31437;10274;4352;2954,03;71,2;2893;336
101;1101904000;Powiat ³êczycki;20;1004;829037;0;Podregion 19 - skierniewicki;19;Podregion 19 - skierniewicki;19;£ódzkie;10;County;41,82311833;8;1;7;0;2015;16270;9119;2459;4692;12,3;84,5;8681;31388;10993;3231;3582,28;86,3;2002;50
102;1101905000;Powiat ³owicki;21;1005;829038;0;Podregion 19 - skierniewicki;19;Podregion 19 - skierniewicki;19;£ódzkie;10;County;47,87713363;10;1;9;0;2015;25568;13066;5151;7351;8,5;209,5;14131;48904;16596;5905;3247,31;78,2;8606;16
103;1101506000;Powiat ³ódzki wschodni;1;1006;829039;0;Podregion 15 - ³ódzki;15;Podregion 15 - ³ódzki;15;£ódzkie;10;County;16,4812748;6;0;3;3;2015;16771;3848;5618;7305;10,1;136,9;13074;44028;13328;8042;3118,38;75,1;8245;40
104;1101707000;Powiat opoczyñski;7;1007;829040;0;Podregion 17 - piotrkowski;17;Podregion 17 - piotrkowski;17;£ódzkie;10;County;68,38598027;8;0;6;2;2015;22905;10231;5401;7273;10,0;215,3;15079;47890;14488;4612;3174,36;76,5;2520;100
105;1101508000;Powiat pabianicki;2;1008;829041;0;Podregion 15 - ³ódzki;15;Podregion 15 - ³ódzki;15;£ódzkie;10;County;17,60604318;7;2;5;0;2015;28524;4167;11654;12703;11,4;245,9;19403;73208;26907;12605;3402,55;82,0;13360;158
106;1101809000;Powiat pajêczañski;13;1009;829042;0;Podregion 18 - sieradzki;18;Podregion 18 - sieradzki;18;£ódzkie;10;County;75,95005137;8;0;6;2;2015;14887;7750;3296;3841;9,6;145,1;9185;32395;10443;3882;3429,55;82,6;790;15
107;1101710000;Powiat piotrkowski;8;1010;829043;0;Podregion 17 - piotrkowski;17;Podregion 17 - piotrkowski;17;£ódzkie;10;County;50,28974101;11;0;10;1;2015;24502;13964;3035;7503;9,8;54,7;17899;56211;17173;5574;3058,72;73,7;176;1141
108;1101811000;Powiat poddêbicki;14;1011;829044;0;Podregion 18 - sieradzki;18;Podregion 18 - sieradzki;18;£ódzkie;10;County;42,25988751;6;0;4;2;2015;12487;7555;1946;2986;11,4;305,8;7087;25791;8801;3238;3900,35;94,0;2634;50
109;1101712000;Powiat radomszczañski;9;1012;829045;0;Podregion 17 - piotrkowski;17;Podregion 17 - piotrkowski;17;£ódzkie;10;County;80,84907457;14;1;11;2;2015;30872;9444;9469;11959;11,2;368,5;19851;71062;24212;8971;3088,13;74,4;13162;232
110;1101913000;Powiat rawski;22;1013;829046;0;Podregion 19 - skierniewicki;19;Podregion 19 - skierniewicki;19;£ódzkie;10;County;66,33411436;6;1;4;1;2015;16633;8425;2674;5534;6,7;123,9;9145;30565;9529;4016;3304,09;79,6;3682;710
111;1101814000;Powiat sieradzki;15;1014;829047;0;Podregion 18 - sieradzki;18;Podregion 18 - sieradzki;18;£ódzkie;10;County;64,50977851;11;1;7;3;2015;38846;18829;6970;13047;10,6;193,0;21462;74332;23474;9014;3297,51;79,4;33484;312
112;1101915000;Powiat skierniewicki;23;1015;829048;0;Podregion 19 - skierniewicki;19;Podregion 19 - skierniewicki;19;£ódzkie;10;County;50,86568194;9;0;9;0;2015;12518;8841;1791;1886;6,5;87,4;7386;23294;7497;2419;3301,35;79,5;0;278
113;1101716000;Powiat tomaszowski-³ódzkie;10;1016;829049;0;Podregion 17 - piotrkowski;17;Podregion 17 - piotrkowski;17;£ódzkie;10;County;45,06788136;11;1;10;0;2015;31998;9307;9490;13201;11,6;410,5;21340;72133;25198;9294;3258,86;78,5;8769;543
114;1101817000;Powiat wieluñski;16;1017;829050;0;Podregion 18 - sieradzki;18;Podregion 18 - sieradzki;18;£ódzkie;10;County;85,32598984;10;0;9;1;2015;24293;10615;6258;7420;10,0;84,3;14145;47811;15334;6541;3252,66;78,4;7910;100
115;1101819000;Powiat zduñskowolski;18;1019;829051;0;Podregion 18 - sieradzki;18;Podregion 18 - sieradzki;18;£ódzkie;10;County;40,23312014;4;1;2;1;2015;17996;3092;7785;7119;12,6;163,6;12086;41967;13430;6225;3146,61;75,8;8010;450
116;1101818000;Powiat wieruszowski;17;1018;829052;0;Podregion 18 - sieradzki;18;Podregion 18 - sieradzki;18;£ódzkie;10;County;98,35228683;7;0;6;1;2015;13752;4983;5319;3450;7,6;84,3;7940;26487;7768;3573;2976,04;71,7;3062;850
117;1101520000;Powiat zgierski;3;1020;829053;0;Podregion 15 - ³ódzki;15;Podregion 15 - ³ódzki;15;£ódzkie;10;County;18,12389505;9;3;4;2;2015;39799;6925;14569;18305;12,6;550,4;28334;101613;35183;15892;3573,69;86,1;12886;0
118;1101521000;Powiat brzeziñski;4;1021;829054;0;Podregion 15 - ³ódzki;15;Podregion 15 - ³ódzki;15;£ódzkie;10;County;26,09931964;5;1;4;0;2015;7732;3601;1297;2834;12,5;34,7;5484;19174;6275;2757;2748,42;66,2;2815;112
119;1101661000;Powiat £ódŸ;5;1061;829055;1;Podregion 16 - m. £ódŸ;16;Podregion 16 - m. £ódŸ;16;£ódzkie;10;City;0;1;1;0;0;2015;233993;1996;58661;173336;9,5;3584,0;100175;419804;181003;92202;4047,78;97,5;91504;0
120;4081411000;Powiat ¿arski;216;811;829056;0;Podregion 14 - zielonogórski;14;Podregion 14 - zielonogórski;14;Lubuskie;8;County;51,01437086;10;2;6;2;2015;23298;3372;10111;9815;9,7;284,7;17508;62539;18113;9500;3712,82;89,4;10806;25
121;4081412000;Powiat wschowski;217;812;829057;0;Podregion 14 - zielonogórski;14;Podregion 14 - zielonogórski;14;Lubuskie;8;County;44,66275088;3;0;0;3;2015;9083;2778;2751;3554;12,1;155,5;7763;24733;6801;3493;3233,14;77,9;4300;0
122;4081462000;Powiat Zielona Góra;218;862;829058;1;Podregion 14 - zielonogórski;14;Podregion 14 - zielonogórski;14;Lubuskie;8;City;0;1;1;0;0;2015;43208;727;9870;32611;6,3;483,6;24013;85614;29084;20933;3731,67;89,9;68405;0
123;4081361000;Powiat Gorzów Wielkopolski;210;861;829059;0;Podregion 13 - gorzowski;13;Podregion 13 - gorzowski;13;Lubuskie;8;City;88,64610976;1;1;0;0;2015;41448;1071;14842;25535;5,1;598,8;21163;76291;26308;17830;3532,91;85,1;40582;0
124;4081301000;Powiat gorzowski;205;801;829060;0;Podregion 13 - gorzowski;13;Podregion 13 - gorzowski;13;Lubuskie;8;County;90,41129144;7;1;5;1;2015;17323;4618;7641;5064;8,1;622,5;14029;45775;11125;7561;3818,44;92,0;5014;1622
125;4081402000;Powiat kroœnieñski-lubuskie;211;802;829061;0;Podregion 14 - zielonogórski;14;Podregion 14 - zielonogórski;14;Lubuskie;8;County;37,8410118;7;1;5;1;2015;10721;3057;2789;4875;17,0;325,8;9932;35904;10107;5555;3503,74;84,4;9923;178
126;4081303000;Powiat miêdzyrzecki;206;803;829062;0;Podregion 13 - gorzowski;13;Podregion 13 - gorzowski;13;Lubuskie;8;County;60,42842323;6;0;3;3;2015;13278;2515;4849;5914;15,9;83,5;10380;37401;10715;5999;3466,06;83,5;6171;1829
127;4081404000;Powiat nowosolski;212;804;829063;0;Podregion 14 - zielonogórski;14;Podregion 14 - zielonogórski;14;Lubuskie;8;County;23,10212854;8;1;4;3;2015;17544;2660;7315;7569;17,9;305,5;16082;54166;17091;7349;3507,98;84,5;11458;0
128;4081305000;Powiat s³ubicki;207;805;829064;0;Podregion 13 - gorzowski;13;Podregion 13 - gorzowski;13;Lubuskie;8;County;69,29388411;5;0;1;4;2015;10577;1465;2571;6541;6,3;142,0;8944;30593;7738;5632;3534,54;85,2;11289;1131
129;4081306000;Powiat strzelecko-drezdenecki;208;806;829065;0;Podregion 13 - gorzowski;13;Podregion 13 - gorzowski;13;Lubuskie;8;County;103,6350753;5;0;2;3;2015;11299;3472;3946;3881;17,6;66,4;9415;31385;9261;4571;3552,74;85,6;4991;57
130;4081307000;Powiat sulêciñski;209;807;829066;0;Podregion 13 - gorzowski;13;Podregion 13 - gorzowski;13;Lubuskie;8;County;63,68844322;5;0;2;3;2015;7779;1924;1988;3867;11,7;57,9;6709;22777;6110;2957;3019,27;72,7;3812;12400
131;4081408000;Powiat œwiebodziñski;213;808;829067;0;Podregion 14 - zielonogórski;14;Podregion 14 - zielonogórski;14;Lubuskie;8;County;31,14391091;6;0;4;2;2015;17824;1909;8116;7799;9,0;165,4;10488;35620;10182;5698;3455,57;83,2;16414;1433
132;4081410000;Powiat ¿agañski;215;810;829069;0;Podregion 14 - zielonogórski;14;Podregion 14 - zielonogórski;14;Lubuskie;8;County;43,093612;9;2;4;3;2015;13033;2754;3865;6414;17,9;153,4;14273;51384;15340;7410;3249,08;78,3;14988;50
133;3183302000;Powiat brzozowski;150;1802;829070;0;Podregion 33 - kroœnieñski;33;Podregion 33 - kroœnieñski;33;Podkarpackie;18;County;36,04534351;6;0;5;1;2015;20374;12399;2131;5844;20,7;40,3;13195;41297;11620;3779;3162,84;76,2;135;0
134;3183301000;Powiat bieszczadzki;149;1801;829071;0;Podregion 33 - kroœnieñski;33;Podregion 33 - kroœnieñski;33;Podkarpackie;18;County;92,54165234;3;0;2;1;2015;5590;2790;526;2274;20,5;54,2;3884;14458;3730;2149;3448,24;83,1;874;0
135;3183603000;Powiat dêbicki;167;1803;829072;0;Podregion 36 - tarnobrzeski;36;Podregion 36 - tarnobrzeski;36;Podkarpackie;18;County;45,36631196;7;1;4;2;2015;45283;17023;13459;14801;11,0;709,2;26301;85983;23009;9277;3401,58;81,9;7441;136
136;3183404000;Powiat jaros³awski;156;1804;829073;0;Podregion 34 - przemyski;34;Podregion 34 - przemyski;34;Podkarpackie;18;County;58,27903515;11;2;9;0;2015;38109;16312;8638;13159;15,7;182,1;22689;76841;21978;8612;3546,57;85,4;1688;470
137;3183506000;Powiat kolbuszowski;161;1806;829074;0;Podregion 35 - rzeszowski;35;Podregion 35 - rzeszowski;35;Podkarpackie;18;County;31,38277593;6;0;5;1;2015;17696;9340;2515;5841;13,3;59,1;11907;40103;10503;3622;3112,52;75,0;400;0
138;3183305000;Powiat jasielski;151;1805;829075;0;Podregion 33 - kroœnieñski;33;Podregion 33 - kroœnieñski;33;Podkarpackie;18;County;55,79609716;10;1;9;0;2015;39117;19112;9109;10896;15,2;144,0;20630;73062;21081;7983;3262,91;78,6;3520;500
139;3183307000;Powiat kroœnieñski-podkarpackie;152;1807;829076;0;Podregion 33 - kroœnieñski;33;Podregion 33 - kroœnieñski;33;Podkarpackie;18;County;53,51574094;9;0;5;4;2015;26299;14638;4121;7540;13,8;88,6;21841;69969;20307;7616;3021,31;72,8;2581;626
140;3183608000;Powiat le¿ajski;168;1808;829077;0;Podregion 36 - tarnobrzeski;36;Podregion 36 - tarnobrzeski;36;Podkarpackie;18;County;42,74552375;5;1;3;1;2015;19613;10187;3463;5963;17,4;83,1;13220;44189;12292;4267;3302,16;79,6;2688;0
141;3183409000;Powiat lubaczowski;157;1809;829078;0;Podregion 34 - przemyski;34;Podregion 34 - przemyski;34;Podkarpackie;18;County;91,73640591;8;1;4;3;2015;18332;11785;1231;5316;13,8;26,0;10111;36101;10324;3212;3168,23;76,3;1888;250
142;3183510000;Powiat ³añcucki;162;1810;829079;0;Podregion 35 - rzeszowski;35;Podregion 35 - rzeszowski;35;Podkarpackie;18;County;20,45813766;7;1;6;0;2015;21876;9953;4700;7223;15,0;127,1;15915;49544;14742;5894;3115,76;75,1;1244;0
143;3183611000;Powiat mielecki;169;1811;829080;0;Podregion 36 - tarnobrzeski;36;Podregion 36 - tarnobrzeski;36;Podkarpackie;18;County;48,62369707;10;1;8;1;2015;49054;14639;20232;14183;11,0;520,3;25648;85959;24656;10643;3532,30;85,1;6179;3
144;1142611000;Powiat makowski;34;1411;829096;0;Podregion 26 - ostro³êcko-siedlecki;26;Podregion 26 - ostro³êcki;26;Mazowieckie;14;County;78,02081445;10;1;8;1;2015;21794;8535;4922;8337;8,3;170,9;15115;46428;12408;6299;3370,96;81,2;6519;70
145;5163101000;Powiat brzeski-opolskie;305;1601;829148;0;Podregion 31 - nyski;31;Podregion 31 - nyski;31;Opolskie;16;County;38,28550738;6;1;3;2;2015;18723;3503;6586;8634;13,8;276,4;15989;57435;17767;10082;3546,88;85,4;21831;61
146;4306001000;Powiat chodzieski;243;3001;829149;0;Podregion 60 - pilski;60;Podregion 60 - pilski;60;Wielkopolskie;30;County;61,04716384;5;1;2;2;2015;12284;2471;5856;3957;11,2;138,9;9323;29654;8557;4335;3488,04;84,0;2650;1816
147;4305718000;Powiat ostrzeszowski;224;3018;829156;0;Podregion 57 - kaliski;57;Podregion 57 - kaliski;57;Wielkopolskie;30;County;131,203798;7;0;4;3;2015;17475;6624;6041;4810;6,8;149,1;10876;34804;9729;5388;3338,34;80,4;1298;172
148;1142763000;Powiat Radom;52;1463;829134;0;Podregion 27 - radomski;27;Podregion 27 - radomski;27;Mazowieckie;14;City;93,95738548;1;1;0;0;2015;35237;17703;7060;10474;4,5;563,8;18606;60987;19026;8765;3913,66;94,3;2584;411
149;1143038000;Powiat ¿yrardowski;66;1438;829131;0;Podregion 30 - warszawski zachodni;30;Podregion 30 - warszawski zachodni;30;Mazowieckie;14;County;50,1886717;5;1;3;1;2015;24529;1174;7288;16067;7,9;217,6;14903;47187;14852;8380;3752,28;90,4;5862;0
150;1142661000;Powiat Ostro³êka;43;1461;829132;0;Podregion 26 - ostro³êcko-siedlecki;26;Podregion 26 - ostro³êcki;26;Mazowieckie;14;City;103,0759699;1;1;0;0;2015;55617;2311;16781;36525;18,4;641,2;37131;133827;45201;24683;3743,89;90,2;17561;0
151;1142865000;Powiat  st. Warszawa;53;1465;829136;1;Podregion 28 - m. Warszawa;28;Podregion 28 - m. Warszawa;28;Mazowieckie;14;City;0;1;1;0;0;2015;46842;5283;11528;30031;6,3;418,6;38601;108827;29579;30702;4030,78;97,1;12085;1973
152;4305915000;Powiat nowotomyski;239;3015;829153;0;Podregion 59 - leszczyñski;59;Podregion 59 - leszczyñski;59;Wielkopolskie;30;County;53,75550808;6;0;2;4;2015;22848;4192;10805;7851;3,9;313,0;15524;46767;12434;8171;3547,42;85,5;22813;9440
153;4306116000;Powiat obornicki;248;3016;829154;0;Podregion 61 - poznañski;61;Podregion 61 - poznañski;61;Wielkopolskie;30;County;33,18783419;3;0;1;2;2015;15388;3238;7239;4911;6,7;175,4;12315;37497;9689;6329;3620,93;87,2;4005;15
154;5163107000;Powiat nyski;308;1607;829142;0;Podregion 31 - nyski;31;Podregion 31 - nyski;31;Opolskie;16;County;49,65948898;9;0;4;5;2015;27367;6946;7401;13020;14,3;363,7;21941;88327;28701;13746;3337,24;80,4;20686;1898
155;5163208000;Powiat oleski;313;1608;829143;0;Podregion 32 - opolski;32;Podregion 32 - opolski;32;Opolskie;16;County;42,89395441;7;0;3;4;2015;17778;7303;5339;5136;7,4;162,4;10541;41789;12976;5526;3321,49;80,0;5676;98
156;4305913000;Powiat leszczyñski;237;3013;829151;0;Podregion 59 - leszczyñski;59;Podregion 59 - leszczyñski;59;Wielkopolskie;30;County;66,15587802;7;0;5;2;2015;16247;6168;6020;4059;5,1;223,6;11838;34500;8429;5712;3812,62;91,9;554;16403
157;4305914000;Powiat miêdzychodzki;238;3014;829152;0;Podregion 59 - leszczyñski;59;Podregion 59 - leszczyñski;59;Wielkopolskie;30;County;64,18804655;4;0;2;2;2015;8036;2102;2439;3495;7,2;194,3;7235;23283;6566;3575;3207,93;77,3;3830;0
158;5163211000;Powiat strzelecki;315;1611;829146;0;Podregion 32 - opolski;32;Podregion 32 - opolski;32;Opolskie;16;County;29,14616248;7;0;2;5;2015;18664;4321;6301;8042;7,4;436,5;11995;49047;14398;5255;3575,74;86,1;9377;0
159;5163261000;Powiat Opole;316;1661;829147;1;Podregion 32 - opolski;32;Podregion 32 - opolski;32;Opolskie;16;City;0;1;1;0;0;2015;52906;540;12475;39891;5,3;577,6;17862;73773;27296;20686;4225,15;101,8;44925;0
160;5163202000;Powiat g³ubczycki;310;1602;829137;0;Podregion 32 - opolski;32;Podregion 32 - opolski;32;Opolskie;16;County;57,10612577;4;0;1;3;2015;23175;3719;8166;11290;11,8;545,9;14752;60857;20530;9103;4444,99;107,1;20530;150
161;5163205000;Powiat krapkowicki;312;1605;829140;0;Podregion 32 - opolski;32;Podregion 32 - opolski;32;Opolskie;16;County;23,55068295;5;0;2;3;2015;21250;3654;11705;5891;7,9;233,5;10099;42010;12490;4882;4183,01;100,8;16916;600
162;4306019000;Powiat pilski;245;3019;829157;0;Podregion 60 - pilski;60;Podregion 60 - pilski;60;Wielkopolskie;30;County;82,45948179;9;1;4;4;2015;38096;6540;12764;18792;8,0;554,0;25955;87263;24352;12845;3569,05;86,0;11652;0
163;1142664000;Powiat Siedlce;44;1464;829135;0;Podregion 26 - ostro³êcko-siedlecki;26;Podregion 71 - siedlecki;71;Mazowieckie;14;City;83,24016535;1;1;0;0;2015;868103;5717;107001;755385;3,3;22974,5;291837;1046632;405882;401339;5585,89;134,6;593148;0
164;5163106000;Powiat namys³owski;307;1606;829141;0;Podregion 31 - nyski;31;Podregion 31 - nyski;31;Opolskie;16;County;42,31475949;5;0;4;1;2015;8882;2362;2936;3584;12,4;104,4;7532;27075;8008;4301;3609,87;87,0;6457;1033
165;4306002000;Powiat czarnkowsko-trzcianecki;244;3002;829150;0;Podregion 60 - pilski;60;Podregion 60 - pilski;60;Wielkopolskie;30;County;66,23308668;8;1;4;3;2015;23403;6330;9510;7563;8,3;157,2;17455;55074;15361;7205;3506,61;84,5;12277;50
166;4305717000;Powiat ostrowski-wielkopolskie;223;3017;829155;0;Podregion 57 - kaliski;57;Podregion 57 - kaliski;57;Wielkopolskie;30;County;107,8614084;8;1;4;3;2015;49759;11359;20449;17951;5,9;529,9;29842;101631;29962;16176;3357,37;80,9;11876;417
167;5163209000;Powiat opolski-opolskie;314;1609;829144;0;Podregion 32 - opolski;32;Podregion 32 - opolski;32;Opolskie;16;County;6,846987294;13;0;10;3;2015;25521;5760;10812;8949;10,2;3125,5;21311;87243;24494;12029;3376,90;81,4;5928;1239
168;5163110000;Powiat prudnicki;309;1610;829145;0;Podregion 31 - nyski;31;Podregion 31 - nyski;31;Opolskie;16;County;36,73792225;4;0;1;3;2015;11774;4147;2500;5127;15,2;69,8;9182;35424;11568;4515;3329,80;80,2;2825;0
169;5163203000;Powiat kêdzierzyñsko-kozielski;311;1603;829138;0;Podregion 32 - opolski;32;Podregion 32 - opolski;32;Opolskie;16;County;45,59075013;6;1;5;0;2015;14467;3682;4407;6378;10,7;150,6;10626;43008;13073;6274;3529,72;85,0;9655;0
170;5163104000;Powiat kluczborski;306;1604;829139;0;Podregion 31 - nyski;31;Podregion 31 - nyski;31;Opolskie;16;County;38,7918791;4;0;1;3;2015;11536;3967;2671;4898;14,1;55,0;7563;29563;9766;4033;3354,70;80,8;6373;573
171;1142562000;Powiat P³ock;32;1462;829133;0;Podregion 25 - ciechanowsko-p³ocki;25;Podregion 70 - p³ocki;70;Mazowieckie;14;City;96,64045691;1;1;0;0;2015;21034;9855;4785;6394;12,5;146,8;13732;45888;14291;6386;3398,20;81,9;6925;1142
172;3203909000;Powiat sejneñski;188;2009;829193;0;Podregion 39 - suwalski;39;Podregion 39 - suwalski;39;Podlaskie;20;County;108,125558;5;1;4;0;2015;6341;4510;252;1579;16,7;72,0;3540;12838;4228;1262;3564,40;85,9;3005;80
173;4306031000;Powiat z³otowski;247;3031;829169;0;Podregion 60 - pilski;60;Podregion 60 - pilski;60;Wielkopolskie;30;County;110,4085969;8;1;4;3;2015;21281;5708;4245;11328;12,1;102,0;13722;44545;11514;5154;3114,52;75,0;20300;850
174;4305712000;Powiat krotoszyñski;222;3012;829183;0;Podregion 57 - kaliski;57;Podregion 57 - kaliski;57;Wielkopolskie;30;County;82,73691792;6;1;1;4;2015;25847;7410;9577;8860;5,8;330,4;15443;48580;13641;6611;2931,62;70,6;11073;800
175;3203813000;Powiat wysokomazowiecki;182;2013;829196;0;Podregion 38 - ³om¿yñski;38;Podregion 38 - ³om¿yñski;38;Podlaskie;20;County;50,79065328;10;1;8;1;2015;22002;13883;3418;4701;7,7;146,7;10776;35786;11615;4132;3552,72;85,6;2733;0
176;3265301000;Powiat buski;197;2601;829201;0;Podregion 53 - sandomiersko-jêdrzejowski;53;Podregion 53 - sandomiersko-jêdrzejowski;53;Œwiêtokrzyskie;26;County;49,72820477;8;0;7;1;2015;29418;18503;2343;8572;7,1;132,2;12198;44733;16137;5578;3301,87;79,5;3627;135
177;4305720000;Powiat pleszewski;225;3020;829158;0;Podregion 57 - kaliski;57;Podregion 57 - kaliski;57;Wielkopolskie;30;County;82,40598113;6;0;5;1;2015;17657;7043;4434;6180;6,8;86,5;12419;39655;11178;5723;3308,08;79,7;2610;466
178;4306125000;Powiat œredzki-wielkopolskie;251;3025;829163;0;Podregion 61 - poznañski;61;Podregion 61 - poznañski;61;Wielkopolskie;30;County;37,77699551;5;0;4;1;2015;15669;3656;6142;5871;10,9;124,5;11478;36428;9523;5546;3626,56;87,4;1166;1160
179;4306126000;Powiat œremski;252;3026;829164;0;Podregion 61 - poznañski;61;Podregion 61 - poznañski;61;Wielkopolskie;30;County;39,83466203;4;0;1;3;2015;16316;4007;5663;6646;5,5;140,3;12311;38388;10208;6472;3250,33;78,3;14633;2450
180;4305761000;Powiat Kalisz;226;3061;829170;0;Podregion 57 - kaliski;57;Podregion 57 - kaliski;57;Wielkopolskie;30;City;109,6392748;1;1;0;0;2015;34099;1957;12002;20140;5,5;392,1;17272;61682;23854;11751;3532,30;85,1;24203;0
181;4305862000;Powiat Konin;233;3062;829171;0;Podregion 58 - koniñski;58;Podregion 58 - koniñski;58;Wielkopolskie;30;City;93,42105427;1;1;0;0;2015;24082;839;7785;15458;11,2;496,0;11943;46679;17253;8166;3790,14;91,3;23783;0
182;3265302000;Powiat jêdrzejowski;198;2602;829202;0;Podregion 53 - sandomiersko-jêdrzejowski;53;Podregion 53 - sandomiersko-jêdrzejowski;53;Œwiêtokrzyskie;26;County;36,79046715;9;0;6;3;2015;26442;15160;4204;7078;11,9;107,2;15698;53440;18003;6121;3900,83;94,0;3844;0
183;4305904000;Powiat gostyñski;234;3004;829175;0;Podregion 59 - leszczyñski;59;Podregion 59 - leszczyñski;59;Wielkopolskie;30;County;66,38820935;7;0;2;5;2015;23034;7665;8398;6971;8,3;407,9;14891;48259;13080;7236;3415,02;82,3;8608;7450
184;3203807000;Powiat ³om¿yñski;180;2007;829190;0;Podregion 38 - ³om¿yñski;38;Podregion 38 - ³om¿yñski;38;Podlaskie;20;County;76,28249712;9;0;7;2;2015;15446;11144;1867;2435;11,5;194,1;9920;32475;9044;3013;3708,32;89,3;1180;152
185;4305963000;Powiat Leszno;242;3063;829172;0;Podregion 59 - leszczyñski;59;Podregion 59 - leszczyñski;59;Wielkopolskie;30;City;68,49855871;1;1;0;0;2015;22863;453;9039;13371;5,6;152,1;11740;39613;13206;9015;3427,70;82,6;66975;0
186;4305708000;Powiat kêpiñski;221;3008;829179;0;Podregion 57 - kaliski;57;Podregion 57 - kaliski;57;Wielkopolskie;30;County;149,1443078;7;0;6;1;2015;23583;4798;13875;4910;2,6;296,6;11091;35599;9737;5834;2568,52;61,9;1536;66
187;4305809000;Powiat kolski;228;3009;829180;0;Podregion 58 - koniñski;58;Podregion 58 - koniñski;58;Wielkopolskie;30;County;126,7392897;11;1;7;3;2015;24215;10649;6735;6831;12,8;146,4;16389;55064;16946;6827;3696,10;89,0;5686;70
188;3203901000;Powiat augustowski;185;2001;829184;0;Podregion 39 - suwalski;39;Podregion 39 - suwalski;39;Podlaskie;20;County;76,93505915;7;1;5;1;2015;14588;6524;2879;5185;15,6;177,4;10468;37131;11504;4295;3761,95;90,6;2759;672
189;3203702000;Powiat bia³ostocki;174;2002;829185;0;Podregion 37 - bia³ostocki;37;Podregion 37 - bia³ostocki;37;Podlaskie;20;County;6,043327761;15;0;6;9;2015;32310;14482;7987;9841;14,3;238,0;26057;92450;27010;12369;3338,72;80,4;4482;239
190;3203908000;Powiat moniecki;187;2008;829191;0;Podregion 39 - suwalski;39;Podregion 39 - suwalski;39;Podlaskie;20;County;41,39049752;7;0;4;3;2015;12271;8714;882;2675;12,1;53,0;6946;26338;8260;2339;3364,02;81,0;2401;35
191;3265303000;Powiat kazimierski;199;2603;829203;0;Podregion 53 - sandomiersko-jêdrzejowski;53;Podregion 53 - sandomiersko-jêdrzejowski;53;Œwiêtokrzyskie;26;County;64,1461781;5;0;3;2;2015;13490;10486;537;2467;10,5;10,3;5284;21534;7631;1811;3142,99;75,7;230;0
192;3265204000;Powiat kielecki;191;2604;829204;0;Podregion 52 - kielecki;52;Podregion 52 - kielecki;52;Œwiêtokrzyskie;26;County;7,435444014;19;0;15;4;2015;48409;26464;7819;14126;15,3;284,1;40309;134423;33794;15719;3246,51;78,2;321;2281
193;3203963000;Powiat Suwa³ki;190;2063;829197;0;Podregion 39 - suwalski;39;Podregion 39 - suwalski;39;Podlaskie;20;City;110,7756638;1;1;0;0;2015;19935;1118;7242;11575;8,5;155,1;13044;45167;11159;6930;3435,66;82,8;28946;0
194;3203711000;Powiat sokólski;175;2011;829194;0;Podregion 37 - bia³ostocki;37;Podregion 37 - bia³ostocki;37;Podlaskie;20;County;41,80732614;10;0;6;4;2015;20922;12654;2546;5722;15,0;50,1;11445;43328;14602;3949;3408,27;82,1;3879;0
195;4305810000;Powiat koniñski;229;3010;829181;0;Podregion 58 - koniñski;58;Podregion 58 - koniñski;58;Wielkopolskie;30;County;93,94616118;14;0;9;5;2015;31820;14455;8103;9262;15,0;374,8;25795;82979;20499;9640;3319,18;80,0;1200;1702
196;4305911000;Powiat koœciañski;236;3011;829182;0;Podregion 59 - leszczyñski;59;Podregion 59 - leszczyñski;59;Wielkopolskie;30;County;43,94393648;5;1;1;3;2015;20177;6081;5603;8493;5,8;193,0;15047;50063;13918;7844;3398,70;81,9;15958;4332
197;3203814000;Powiat zambrowski;183;2014;829198;0;Podregion 38 - ³om¿yñski;38;Podregion 38 - ³om¿yñski;38;Podlaskie;20;County;65,79804205;5;1;4;0;2015;13492;5772;3424;4296;12,0;137,3;8225;28007;8067;3258;3473,68;83,7;4375;0
198;3203761000;Powiat Bia³ystok;176;2061;829199;1;Podregion 37 - bia³ostocki;37;Podregion 37 - bia³ostocki;37;Podlaskie;20;City;0;1;1;0;0;2015;86604;2938;17459;66207;10,5;1039,4;50276;188588;57117;34407;3844,68;92,6;125844;0
199;4305827000;Powiat turecki;231;3027;829165;0;Podregion 58 - koniñski;58;Podregion 58 - koniñski;58;Wielkopolskie;30;County;117,8237832;9;1;6;2;2015;28868;9254;11444;8170;7,0;168,4;16277;53044;15045;6158;2999,24;72,3;7799;260
200;4306028000;Powiat w¹growiecki;246;3028;829166;0;Podregion 60 - pilski;60;Podregion 60 - pilski;60;Wielkopolskie;30;County;50,4861862;7;1;4;2;2015;15890;5071;4754;6065;10,6;204,5;14365;44080;11455;6210;3346,90;80,6;9310;1681
201;3203803000;Powiat bielski-podlaskie;177;2003;829186;0;Podregion 38 - ³om¿yñski;38;Podregion 38 - ³om¿yñski;38;Podlaskie;20;County;44,25197204;8;2;6;0;2015;19054;8803;5243;5008;7,6;144,6;9142;33911;13509;3819;3924,61;94,5;1311;60
202;3203862000;Powiat £om¿a;184;2062;829200;0;Podregion 38 - ³om¿yñski;38;Podregion 38 - ³om¿yñski;38;Podlaskie;20;City;77,71275256;1;1;0;0;2015;15544;1168;3235;11141;13,4;147,6;10918;40775;11044;6306;3338,23;80,4;24021;0
203;3203904000;Powiat grajewski;186;2004;829187;0;Podregion 39 - suwalski;39;Podregion 39 - suwalski;39;Podlaskie;20;County;68,88823578;6;1;3;2;2015;12554;5737;2641;4176;18,1;111,7;8792;30995;8570;3118;3984,35;96,0;5481;160
204;3203912000;Powiat suwalski;189;2012;829195;0;Podregion 39 - suwalski;39;Podregion 39 - suwalski;39;Podlaskie;20;County;117,5367788;9;0;9;0;2015;11371;8039;1327;2005;7,1;283,4;7012;22502;6418;1923;3120,95;75,2;0;1060
205;4306121000;Powiat poznañski;249;3021;829159;0;Podregion 61 - poznañski;61;Podregion 61 - poznañski;61;Wielkopolskie;30;County;2,590935407;17;2;7;8;2015;120105;9248;47643;63214;2,7;2453,8;80712;231694;53631;55917;3697,14;89,1;80591;6015
206;4305905000;Powiat grodziski-wielkopolskie;235;3005;829176;0;Podregion 59 - leszczyñski;59;Podregion 59 - leszczyñski;59;Wielkopolskie;30;County;47,27358443;5;0;2;3;2015;17531;6261;6107;5163;6,3;124,0;10943;32759;7724;4855;2931,27;70,6;5357;1096
207;4305929000;Powiat wolsztyñski;241;3029;829167;0;Podregion 59 - leszczyñski;59;Podregion 59 - leszczyñski;59;Wielkopolskie;30;County;66,76895439;3;0;2;1;2015;20584;6235;6279;8070;3,9;174,2;11908;35612;9492;6547;3189,94;76,8;7352;487
208;4305830000;Powiat wrzesiñski;232;3030;829168;0;Podregion 58 - koniñski;58;Podregion 58 - koniñski;58;Wielkopolskie;30;County;49,31915887;5;0;1;4;2015;21635;5082;9652;6901;9,3;1929,5;15198;48366;13392;8467;3406,61;82,1;46190;0
209;4305922000;Powiat rawicki;240;3022;829160;0;Podregion 59 - leszczyñski;59;Podregion 59 - leszczyñski;59;Wielkopolskie;30;County;86,20061818;5;0;1;4;2015;19072;6778;5344;6950;7,0;138,9;12118;37338;10838;5168;3045,68;73,4;18575;3006
210;4306124000;Powiat szamotulski;250;3024;829161;0;Podregion 61 - poznañski;61;Podregion 61 - poznañski;61;Wielkopolskie;30;County;39,83693134;8;1;3;4;2015;28359;5321;12304;10734;5,9;371,1;17971;56856;15306;8651;3975,80;95,8;9597;492
211;4305823000;Powiat s³upecki;230;3023;829162;0;Podregion 58 - koniñski;58;Podregion 58 - koniñski;58;Wielkopolskie;30;County;69,38296605;8;1;6;1;2015;16000;6495;3659;5846;11,3;92,7;11252;37560;10779;5273;3171,47;76,4;2053;1676
212;4306264000;Powiat Poznañ;253;3064;829173;1;Podregion 62 - m. Poznañ;62;Podregion 62 - m. Poznañ;62;Wielkopolskie;30;City;0;1;1;0;0;2015;239077;1925;49401;187751;2,4;3629,8;86233;332702;123413;108821;4549,11;109,6;263656;0
213;4305803000;Powiat gnieŸnieñski;227;3003;829174;0;Podregion 58 - koniñski;58;Podregion 58 - koniñski;58;Wielkopolskie;30;County;48,66051388;10;1;5;4;2015;32911;6901;10016;15994;9,5;344,6;28576;90680;25829;15549;3386,42;81,6;11073;200
214;4305706000;Powiat jarociñski;219;3006;829177;0;Podregion 57 - kaliski;57;Podregion 57 - kaliski;57;Wielkopolskie;30;County;62,52867524;4;0;2;2;2015;19030;5004;7246;6780;8,9;210,1;14009;44962;12819;6212;2898,12;69,8;1137;2384
215;4305707000;Powiat kaliski;220;3007;829178;0;Podregion 57 - kaliski;57;Podregion 57 - kaliski;57;Wielkopolskie;30;County;112,8328703;11;0;10;1;2015;24460;15455;4149;4856;5,2;121,0;16118;52043;14677;6482;3035,70;73,1;0;0
216;3203805000;Powiat hajnowski;178;2005;829188;0;Podregion 38 - ³om¿yñski;38;Podregion 38 - ³om¿yñski;38;Podlaskie;20;County;53,18991449;9;1;7;1;2015;13265;4535;3860;4870;10,2;109,7;6226;26550;11791;2988;3715,52;89,5;2190;160
217;3203810000;Powiat siemiatycki;181;2010;829192;0;Podregion 38 - ³om¿yñski;38;Podregion 38 - ³om¿yñski;38;Podlaskie;20;County;74,80772852;9;1;7;1;2015;12707;7535;1682;3490;10,0;95,0;7216;28515;10341;2750;3220,48;77,6;1165;380
218;3203806000;Powiat kolneñski;179;2006;829189;0;Podregion 38 - ³om¿yñski;38;Podregion 38 - ³om¿yñski;38;Podlaskie;20;County;87,58737299;6;1;4;1;2015;11905;8507;892;2506;16,8;40,1;7391;25004;6767;2451;3393,65;81,8;1731;15
219;6224004000;Powiat gdañski;340;2204;829219;0;Podregion 40 - gdañski;40;Podregion 40 - gdañski;40;Pomorskie;22;County;17,38051868;8;1;7;0;2015;25527;3043;8010;14474;6,1;424,4;24304;70052;15038;13511;3806,02;91,7;7648;12187
220;6224108000;Powiat lêborski;348;2208;829220;0;Podregion 41 - s³upski;41;Podregion 41 - s³upski;41;Pomorskie;22;County;64,53986559;5;2;3;0;2015;26273;258;8214;17801;7,9;227,6;14694;56897;20905;13007;3478,22;83,8;68274;0
221;6224206000;Powiat koœcierski;351;2206;829222;0;Podregion 42 - starogardzki;42;Podregion 72 - chojnicki;72;Pomorskie;22;County;56,84585663;8;1;7;0;2015;29647;5783;10745;13119;11,4;501,4;26632;80336;20321;11541;3560,38;85,8;15144;3352
222;3265313000;Powiat w³oszczowski;204;2613;829213;0;Podregion 53 - sandomiersko-jêdrzejowski;53;Podregion 53 - sandomiersko-jêdrzejowski;53;Œwiêtokrzyskie;26;County;45,25020348;6;0;5;1;2015;15764;7616;4128;4020;9,0;160,7;8153;28311;9457;3597;3510,22;84,6;3166;0
223;6224011000;Powiat pucki;343;2211;829225;0;Podregion 40 - gdañski;40;Podregion 40 - gdañski;40;Pomorskie;22;County;47,54975746;7;4;3;0;2015;15027;2013;4997;8017;12,0;269,1;18155;52424;12501;11944;3584,09;86,3;10739;4918
224;6224112000;Powiat s³upski;349;2212;829226;0;Podregion 41 - s³upski;41;Podregion 41 - s³upski;41;Pomorskie;22;County;92,85783953;10;1;8;1;2015;23892;3913;9865;10114;9,1;276,5;17155;53192;13117;7889;3771,88;90,9;19363;138
225;3265261000;Powiat Kielce;196;2661;829214;1;Podregion 52 - kielecki;52;Podregion 52 - kielecki;52;Œwiêtokrzyskie;26;City;0;1;1;0;0;2015;75421;1389;20108;53924;8,8;892,9;30773;121015;46258;28860;3845,52;92,6;58602;0
226;3265211000;Powiat starachowicki;195;2611;829211;0;Podregion 52 - kielecki;52;Podregion 52 - kielecki;52;Œwiêtokrzyskie;26;County;41,02090522;5;1;3;1;2015;27469;7746;11569;8154;12,7;283,3;14977;56394;20661;7192;3387,74;81,6;27751;100
227;3265312000;Powiat staszowski;203;2612;829212;0;Podregion 53 - sandomiersko-jêdrzejowski;53;Podregion 53 - sandomiersko-jêdrzejowski;53;Œwiêtokrzyskie;26;County;56,69816201;8;0;5;3;2015;24936;11221;6117;7598;9,6;212,7;13091;45818;14127;5097;3760,61;90,6;1207;27
228;3265205000;Powiat konecki;192;2605;829205;0;Podregion 52 - kielecki;52;Podregion 52 - kielecki;52;Œwiêtokrzyskie;26;County;36,30160284;8;0;6;2;2015;19743;6511;5917;7315;17,2;198,1;13535;50775;18026;6417;3355,31;80,8;3989;150
229;6224364000;Powiat Sopot;359;2264;829215;0;Podregion 43 - trójmiejski;43;Podregion 43 - trójmiejski;43;Pomorskie;22;City;11,21869515;1;1;0;0;2015;18280;5565;5428;7287;10,5;174,3;16106;44408;11110;6051;3117,95;75,1;3013;871
230;6224102000;Powiat chojnicki;346;2202;829217;0;Podregion 41 - s³upski;41;Podregion 72 - chojnicki;72;Pomorskie;22;County;90,01079868;5;1;2;2;2015;12473;1402;4425;6646;14,7;457,9;13121;41779;11287;8291;3554,76;85,6;13324;626
231;6224103000;Powiat cz³uchowski;347;2203;829218;0;Podregion 41 - s³upski;41;Podregion 72 - chojnicki;72;Pomorskie;22;County;119,8426839;7;1;4;2;2015;21733;4732;9723;7278;15,4;345,5;19226;63258;15656;9125;3497,25;84,3;6916;674
232;3265306000;Powiat opatowski;200;2606;829206;0;Podregion 53 - sandomiersko-jêdrzejowski;53;Podregion 53 - sandomiersko-jêdrzejowski;53;Œwiêtokrzyskie;26;County;66,65419671;8;0;6;2;2015;17140;10950;1929;4261;19,5;74,5;9098;33501;11222;3273;3255,65;78,4;1130;0
233;3265207000;Powiat ostrowiecki;193;2607;829207;0;Podregion 52 - kielecki;52;Podregion 52 - kielecki;52;Œwiêtokrzyskie;26;County;58,1245241;6;1;3;2;2015;25487;6754;7204;11529;17,6;147,0;17436;69681;25300;10135;3342,45;80,5;37665;0
234;6224163000;Powiat S³upsk;350;2263;829227;0;Podregion 41 - s³upski;41;Podregion 41 - s³upski;41;Pomorskie;22;City;101,7061233;1;1;0;0;2015;10308;1386;2641;6281;19,5;125,4;12053;40745;11513;6501;3408,03;82,1;8265;67
235;6224213000;Powiat starogardzki;354;2213;829228;0;Podregion 42 - starogardzki;42;Podregion 42 - starogardzki;42;Pomorskie;22;County;59,99572195;13;3;9;1;2015;159469;1276;33677;124516;4,0;4405,5;75649;281839;104761;73305;4992,14;120,3;159091;0
236;3265210000;Powiat skar¿yski;194;2610;829210;0;Podregion 52 - kielecki;52;Podregion 52 - kielecki;52;Œwiêtokrzyskie;26;County;25,9484778;5;1;3;1;2015;14460;2027;4406;8027;22,5;108,0;11452;47575;18012;7866;3448,29;83,1;5532;50
237;6224005000;Powiat kartuski;341;2205;829221;0;Podregion 40 - gdañski;40;Podregion 40 - gdañski;40;Pomorskie;22;County;35,96499771;8;0;6;2;2015;31471;9622;10140;11709;5,4;296,6;32918;79354;16653;12958;3275,79;78,9;3258;223
238;6224209000;Powiat malborski;353;2209;829223;0;Podregion 42 - starogardzki;42;Podregion 42 - starogardzki;42;Pomorskie;22;County;43,76771092;6;1;4;1;2015;7274;2025;2003;3246;16,3;127,2;8500;27264;6613;3294;3455,74;83,3;6580;0
239;6224010000;Powiat nowodworski-pomorskie;342;2210;829224;0;Podregion 40 - gdañski;40;Podregion 40 - gdañski;40;Pomorskie;22;County;34,49529707;5;1;3;1;2015;6183;1794;1506;2883;23,4;54,4;6849;23260;6045;3917;3422,12;82,4;6864;640
240;3265308000;Powiat piñczowski;201;2608;829208;0;Podregion 53 - sandomiersko-jêdrzejowski;53;Podregion 53 - sandomiersko-jêdrzejowski;53;Œwiêtokrzyskie;26;County;42,9675231;5;0;3;2;2015;13989;8435;1722;3832;8,7;30,2;6466;24646;8969;2589;3349,30;80,7;1962;302
241;3265309000;Powiat sandomierski;202;2609;829209;0;Podregion 53 - sandomiersko-jêdrzejowski;53;Podregion 53 - sandomiersko-jêdrzejowski;53;Œwiêtokrzyskie;26;County;76,38496533;9;1;6;2;2015;28924;15770;3960;9194;8,9;178,5;13225;49033;17008;6319;3665,14;88,3;6120;0
242;6224101000;Powiat bytowski;345;2201;829216;0;Podregion 41 - s³upski;41;Podregion 41 - s³upski;41;Pomorskie;22;County;92;10;0;8;2;2015;19465;5333;7327;6805;17,6;134,5;16481;49889;12410;6502;3447,30;83,0;6002;1793
243;4326315000;Powiat szczecinecki;259;3215;829306;0;Podregion 63 - koszaliñski;63;Podregion 64 - szczecinecko-pyrzycki;64;Zachodniopomorskie;32;County;138,6046339;6;1;2;3;2015;8208;2803;1825;3580;23,4;48,5;8936;31637;8901;4089;3397,02;81,8;2804;0
244;4326316000;Powiat œwidwiñski;260;3216;829307;0;Podregion 63 - koszaliñski;63;Podregion 64 - szczecinecko-pyrzycki;64;Zachodniopomorskie;32;County;94,9052648;6;1;4;1;2015;12340;3172;4516;4652;21,7;69,6;10720;36733;10609;5850;3068,19;73,9;5275;851
245;5020105000;Powiat jaworski;276;205;829322;0;Podregion 01 - jeleniogórski;1;Podregion 01 - jeleniogórski;1;Dolnoœl¹skie;2;County;53,53503551;6;1;4;1;2015;10189;2916;3061;4212;17,3;59,1;8657;32791;10003;5128;3323,37;80,1;14266;20
246;5020107000;Powiat kamiennogórski;278;207;829323;0;Podregion 01 - jeleniogórski;1;Podregion 01 - jeleniogórski;1;Dolnoœl¹skie;2;County;72,72932716;4;1;2;1;2015;9741;1798;3637;4306;11,6;75,6;7427;28016;8959;4326;3269,22;78,8;100;130
247;4326414000;Powiat stargardzki;267;3214;829305;0;Podregion 64 - stargardzki;64;Podregion 66 - szczeciñski;66;Zachodniopomorskie;32;County;42,47293543;10;1;5;4;2015;111379;1492;22166;87721;6,8;1866,5;63114;250253;92290;67989;4381,58;105,6;78839;0
248;5020564000;Powiat Wroc³aw;304;264;829317;1;Podregion 05 - m. Wroc³aw;3;Podregion 05 - m. Wroc³aw;3;Dolnoœl¹skie;2;City;0;0;0;0;0;2015;263070;1963;49138;211969;3,3;4655,9;98253;393121;144385;113237;4569,88;110,1;159294;0
249;4326309000;Powiat koszaliñski;257;3209;829300;0;Podregion 63 - koszaliñski;63;Podregion 63 - koszaliñski;63;Zachodniopomorskie;32;County;139,7247616;8;0;5;3;2015;10769;3099;3089;4581;20,0;186,4;10704;36241;10243;5873;3120,70;75,2;1512;0
250;2244604000;Powiat czêstochowski;97;2404;829270;0;Podregion 46 - czêstochowski;46;Podregion 46 - czêstochowski;;Œl¹skie;24;County;69,11333544;16;0;14;2;2015;28072;11641;7906;8525;14,7;201,8;23014;85987;26632;10571;3209,23;77,3;386;1044
251;6285404000;Powiat elbl¹ski;362;2804;829271;0;Podregion 54 - elbl¹ski;54;Podregion 54 - elbl¹ski;54;Warmiñsko-Mazurskie;28;County;71,00350878;9;0;6;3;2015;12255;4027;4196;4032;22,9;257,2;11580;37356;9284;3995;3199,49;77,1;6947;786
252;6285505000;Powiat e³cki;367;2805;829272;0;Podregion 55 - e³cki;55;Podregion 55 - e³cki;55;Warmiñsko-Mazurskie;28;County;119,5338136;5;1;4;0;2015;19652;3377;6686;9589;19,1;403,8;17833;57860;14387;6784;3184,73;76,7;8336;770
253;6285506000;Powiat gi¿ycki;368;2806;829273;0;Podregion 55 - e³cki;55;Podregion 55 - e³cki;55;Warmiñsko-Mazurskie;28;County;89,38256041;6;1;4;1;2015;11203;3267;2584;5352;16,0;69,8;10187;36381;10718;5520;3369,69;81,2;10629;425
254;6285407000;Powiat i³awski;363;2807;829274;0;Podregion 54 - elbl¹ski;54;Podregion 54 - elbl¹ski;54;Warmiñsko-Mazurskie;28;County;63,89554801;7;2;2;3;2015;25937;5552;11700;8685;7,3;369,1;18638;58612;15545;7096;3172,70;76,4;21751;130
255;6285608000;Powiat kêtrzyñski;374;2808;829275;0;Podregion 56 - olsztyñski;56;Podregion 56 - olsztyñski;56;Warmiñsko-Mazurskie;28;County;69,49078626;6;1;3;2;2015;11508;3197;3258;5053;27,4;69,6;11101;41150;12199;4531;3165,43;76,3;6267;417
256;6285609000;Powiat lidzbarski;375;2809;829276;0;Podregion 56 - olsztyñski;56;Podregion 56 - olsztyñski;56;Warmiñsko-Mazurskie;28;County;39,5807696;5;1;3;1;2015;8860;2865;2671;3324;22,2;161,8;7598;26880;7788;3513;3248,95;78,3;11475;353
257;6285610000;Powiat mr¹gowski;376;2810;829277;0;Podregion 56 - olsztyñski;56;Podregion 56 - olsztyñski;56;Warmiñsko-Mazurskie;28;County;55,18349344;5;1;3;1;2015;11409;3009;3444;4956;17,5;105,4;9276;32820;8600;4690;3077,81;74,1;9286;314
258;6285611000;Powiat nidzicki;377;2811;829278;0;Podregion 56 - olsztyñski;56;Podregion 56 - olsztyñski;56;Warmiñsko-Mazurskie;28;County;47,43647792;4;0;3;1;2015;7442;1673;2782;2987;14,8;28,7;6452;21503;5703;2374;3079,14;74,2;515;0
259;6285412000;Powiat nowomiejski;364;2812;829279;0;Podregion 54 - elbl¹ski;54;Podregion 54 - elbl¹ski;54;Warmiñsko-Mazurskie;28;County;73,01248183;5;1;4;0;2015;11175;4822;3158;3195;14,6;131,0;9422;27550;7349;3094;2878,10;69,3;4026;80
260;6285513000;Powiat olecki;369;2813;829280;0;Podregion 55 - e³cki;55;Podregion 55 - e³cki;55;Warmiñsko-Mazurskie;28;County;124,5079534;4;0;3;1;2015;9128;2715;2966;3447;18,5;98,0;6789;21967;5989;3026;3357,05;80,9;4065;560
261;6285614000;Powiat olsztyñski;378;2814;829281;0;Podregion 56 - olsztyñski;56;Podregion 56 - olsztyñski;56;Warmiñsko-Mazurskie;28;County;5,520028446;12;0;7;5;2015;23361;5628;8478;9255;17,5;175,0;23748;80546;19185;10722;3559,63;85,8;11709;1174
262;6285516000;Powiat piski;370;2816;829282;0;Podregion 55 - e³cki;55;Podregion 55 - e³cki;55;Warmiñsko-Mazurskie;28;County;84,85413072;4;0;0;4;2015;9721;2816;2242;4663;26,8;36,5;11007;36791;9772;4222;3445,13;83,0;3346;0
263;6285415000;Powiat ostródzki;365;2815;829283;0;Podregion 54 - elbl¹ski;54;Podregion 54 - elbl¹ski;54;Warmiñsko-Mazurskie;28;County;34,85916546;9;1;5;3;2015;23487;4579;8861;10047;16,4;351,0;20230;67197;18596;8313;3175,96;76,5;12422;40
264;6285617000;Powiat szczycieñski;379;2817;829284;0;Podregion 56 - olsztyñski;56;Podregion 56 - olsztyñski;56;Warmiñsko-Mazurskie;28;County;42,34345144;8;1;6;1;2015;15678;4785;5002;5891;17,3;294,5;13429;45436;11705;5179;3482,48;83,9;5250;46
265;5020161000;Powiat Jelenia Góra;283;261;829316;0;Podregion 01 - jeleniogórski;1;Podregion 01 - jeleniogórski;1;Dolnoœl¹skie;2;City;89,31649555;1;1;0;0;2015;22923;355;7365;15203;5,7;386,2;11613;48983;20414;12649;3835,12;92,4;28427;0
266;4326317000;Powiat wa³ecki;261;3217;829308;0;Podregion 63 - koszaliñski;63;Podregion 64 - szczecinecko-pyrzycki;64;Zachodniopomorskie;32;County;117,5563672;5;1;1;3;2015;13373;2403;4854;6116;12,1;114,9;12113;42720;12307;6883;3382,88;81,5;12966;1335
267;4326418000;Powiat ³obeski;268;3218;829309;0;Podregion 64 - stargardzki;64;Podregion 64 - szczecinecko-pyrzycki;64;Zachodniopomorskie;32;County;63,1811304;5;0;1;4;2015;21304;4345;8764;8195;9,0;425,8;15679;52502;14174;8865;3681,15;88,7;3814;4189
268;4326663000;Powiat Œwinoujœcie;274;3263;829310;0;Podregion 66 - szczeciñski;66;Podregion 66 - szczeciñski;66;Zachodniopomorskie;32;City;54,81926222;1;1;0;0;2015;8355;173;1717;6465;7,0;753,8;5856;25772;9524;6415;4344,85;104,7;27817;0
269;5020302000;Powiat dzier¿oniowski;290;202;829318;0;Podregion 03 - wa³brzyski;3;Podregion 03 - wa³brzyski;3;Dolnoœl¹skie;2;County;35,08754336;7;4;2;1;2015;17965;2351;7571;8043;11,9;182,3;16087;64422;22840;10596;3406,18;82,1;32988;200
270;5020203000;Powiat g³ogowski;284;203;829319;0;Podregion 02 - legnicko-g³ogowski;2;Podregion 02 - legnicko-g³ogowski;2;Dolnoœl¹skie;2;County;97,73872461;6;1;5;0;2015;20016;2090;6979;10947;12,5;1653,1;16580;56450;17175;8262;3615,99;87,1;68604;479
271;4326412000;Powiat pyrzycki;266;3212;829303;0;Podregion 64 - stargardzki;64;Podregion 64 - szczecinecko-pyrzycki;64;Zachodniopomorskie;32;County;41,02679838;6;0;4;2;2015;6387;1523;2374;2490;23,9;389,9;6914;23755;7022;3347;3419,11;82,4;2613;402
272;6224214000;Powiat tczewski;355;2214;829229;0;Podregion 42 - starogardzki;42;Podregion 42 - starogardzki;42;Pomorskie;22;County;52,34709684;6;1;3;2;2015;71337;683;15466;55188;4,9;1171,8;39720;149112;58646;38623;4566,82;110,0;98870;0
273;4326313000;Powiat s³awieñski;258;3213;829304;0;Podregion 63 - koszaliñski;63;Podregion 63 - koszaliñski;63;Zachodniopomorskie;32;County;170,0864;6;2;4;0;2015;33088;240;10494;22354;8,4;440,5;16995;65752;25223;18303;3644,39;87,8;36005;0
274;5020125000;Powiat zgorzelecki;281;225;829313;0;Podregion 01 - jeleniogórski;1;Podregion 01 - jeleniogórski;1;Dolnoœl¹skie;2;County;133,8482797;7;2;2;3;2015;21294;1957;8259;11078;9,0;1223,2;14940;58352;18532;8920;3630,73;87,5;7583;75
275;2244874000;Powiat Siemianowice Œl¹skie;108;2474;829262;0;Podregion 48 - katowicki;48;Podregion 48 - katowicki;;Œl¹skie;24;City;10,52846689;1;1;0;0;2015;13292;238;6157;6897;11,8;165,9;10889;42503;14839;6433;3700,78;89,2;43555;0
276;2244876000;Powiat Œwiêtoch³owice;109;2476;829263;0;Podregion 48 - katowicki;48;Podregion 48 - katowicki;;Œl¹skie;24;City;13,24970124;1;1;0;0;2015;7632;44;2694;4894;12,1;60,0;8533;31726;10711;3870;3260,66;78,6;10486;0
277;2245177000;Powiat Tychy;124;2477;829264;0;Podregion 51 - tyski;51;Podregion 51 - tyski;51;Œl¹skie;24;City;11,17743905;1;1;0;0;2015;48084;249;24860;22975;3,8;1543,9;21626;81009;25809;13913;4011,32;96,6;42543;0
278;2244778000;Powiat Zabrze;103;2478;829265;0;Podregion 47 - gliwicki;47;Podregion 47 - gliwicki;;Œl¹skie;24;City;20,43117585;1;1;0;0;2015;38775;206;13264;25305;10,5;704,9;27533;112267;36527;16498;3955,12;95,3;38712;0
279;2244979000;Powiat ¯ory;115;2479;829266;0;Podregion 49 - rybnicki;49;Podregion 49 - rybnicki;49;Œl¹skie;24;City;28,69073324;1;1;0;0;2015;12467;733;4839;6895;8,4;136,2;11878;39120;10947;5487;3613,55;87,1;23334;0
280;2244402000;Powiat bielski-œl¹skie;89;2402;829267;0;Podregion 44 - bielski;44;Podregion 44 - bielski;;Œl¹skie;24;County;39,26493334;10;1;7;2;2015;38918;7775;17062;14081;7,2;395,9;31008;101750;29370;16964;3613,20;87,0;9070;11045
281;2245001000;Powiat bêdziñski;116;2401;829268;0;Podregion 50 - sosnowiecki;50;Podregion 50 - sosnowiecki;50;Œl¹skie;24;County;22,35963316;8;4;3;1;2015;31021;3550;10133;17338;13,1;517,8;23748;92296;34059;15940;3451,24;83,1;33293;356
282;2244403000;Powiat cieszyñski;90;2403;829269;0;Podregion 44 - bielski;44;Podregion 44 - bielski;;Œl¹skie;24;County;52,21598986;12;3;7;2;2015;47382;10035;15141;22206;7,4;469,4;33498;109447;34617;19534;3455,64;83,3;22640;1786
283;2244872000;Powiat Ruda Œl¹ska;107;2472;829261;0;Podregion 48 - katowicki;48;Podregion 48 - katowicki;;Œl¹skie;24;City;16,75048069;1;1;0;0;2015;34020;221;17605;16194;6,8;375,0;24487;87944;27413;9745;3577,97;86,2;48374;0
284;6285518000;Powiat go³dapski;371;2818;829285;0;Podregion 55 - e³cki;55;Podregion 55 - e³cki;55;Warmiñsko-Mazurskie;28;County;133,2586256;3;0;2;1;2015;6277;2183;1918;2176;19,1;58,8;5363;17380;4537;2171;3045,01;73,4;2143;300
285;6285519000;Powiat wêgorzewski;372;2819;829286;0;Podregion 55 - e³cki;55;Podregion 55 - e³cki;55;Warmiñsko-Mazurskie;28;County;97,64594588;3;0;2;1;2015;4359;1780;389;2190;24,6;22,0;4002;14855;4594;1719;3088,51;74,4;1066;0
286;6285461000;Powiat Elbl¹g;366;2861;829287;0;Podregion 54 - elbl¹ski;54;Podregion 54 - elbl¹ski;54;Warmiñsko-Mazurskie;28;City;110;0;0;0;0;2015;27497;467;9471;17559;12,9;174,5;20038;76605;24999;12552;3687,80;88,8;51573;0
287;6285662000;Powiat Olsztyn;380;2862;829288;1;Podregion 56 - olsztyñski;56;Podregion 56 - olsztyñski;56;Warmiñsko-Mazurskie;28;City;0;1;1;0;0;2015;64677;474;13974;50229;5,8;767,3;29013;109143;35288;23099;4104,05;98,9;107454;0
288;6285601000;Powiat bartoszycki;373;2801;829289;0;Podregion 56 - olsztyñski;56;Podregion 56 - olsztyñski;56;Warmiñsko-Mazurskie;28;County;59,09743532;6;2;2;2;2015;12872;4952;2444;5476;24,4;42,0;10566;37930;10882;4073;3314,71;79,9;10273;1220
289;6285402000;Powiat braniewski;360;2802;829290;0;Podregion 54 - elbl¹ski;54;Podregion 54 - elbl¹ski;54;Warmiñsko-Mazurskie;28;County;68,04106526;7;1;4;2;2015;8171;2835;1141;4195;27,2;65,9;7517;27549;7142;3052;3241,42;78,1;9045;0
290;6285403000;Powiat dzia³dowski;361;2803;829291;0;Podregion 54 - elbl¹ski;54;Podregion 54 - elbl¹ski;54;Warmiñsko-Mazurskie;28;County;65,02953538;6;1;4;1;2015;15472;3936;5462;6074;20,8;315,3;13148;41892;11073;4151;3180,05;76,6;8399;220
291;4326301000;Powiat bia³ogardzki;254;3201;829292;0;Podregion 63 - koszaliñski;63;Podregion 63 - koszaliñski;63;Zachodniopomorskie;32;County;114,6382824;4;1;2;1;2015;9158;1391;3400;4367;25,5;103,5;8906;30845;8697;4842;3394,74;81,8;17021;0
292;4326402000;Powiat choszczeñski;263;3202;829293;0;Podregion 64 - stargardzki;64;Podregion 64 - szczecinecko-pyrzycki;64;Zachodniopomorskie;32;County;74,85343749;6;0;2;4;2015;15248;2658;4677;7913;22,2;236,2;13993;49510;15075;7967;3574,91;86,1;12083;1207
293;4326604000;Powiat goleniowski;270;3204;829294;0;Podregion 66 - szczeciñski;66;Podregion 66 - szczeciñski;66;Zachodniopomorskie;32;County;28,84999999;6;0;3;3;2015;13609;3078;3485;7046;15,8;244,4;15313;53646;14502;8553;3534,88;85,2;5057;448
294;4326303000;Powiat drawski;255;3203;829295;0;Podregion 63 - koszaliñski;63;Podregion 64 - szczecinecko-pyrzycki;64;Zachodniopomorskie;32;County;95,8348484;6;0;2;4;2015;17309;1887;3866;11556;8,9;225,4;13543;49910;16063;12667;3391,16;81,7;6423;1349
295;4326405000;Powiat gryficki;264;3205;829296;0;Podregion 64 - stargardzki;64;Podregion 66 - szczeciñski;66;Zachodniopomorskie;32;County;70,53204996;6;0;3;3;2015;8957;2420;2669;3868;21,7;46,7;8465;30593;8936;4456;3162,58;76,2;4233;1470
296;4326607000;Powiat kamieñski;272;3207;829297;0;Podregion 66 - szczeciñski;66;Podregion 66 - szczeciñski;66;Zachodniopomorskie;32;County;53,97670371;6;0;1;5;2015;16207;1524;8341;6342;9,1;343,0;15452;49997;10798;10698;4309,12;103,8;13725;2047
297;4326606000;Powiat gryfiñski;271;3206;829298;0;Podregion 66 - szczeciñski;66;Podregion 66 - szczeciñski;66;Zachodniopomorskie;32;County;47,25937879;9;0;3;6;2015;8007;1581;1532;4894;19,6;106,9;7746;30570;9178;7070;3201,23;77,1;2523;4
298;4326308000;Powiat ko³obrzeski;256;3208;829299;0;Podregion 63 - koszaliñski;63;Podregion 63 - koszaliñski;63;Zachodniopomorskie;32;County;96,65186363;7;1;6;0;2015;10963;3506;2737;4720;21,1;121,1;12189;43148;10507;7275;3430,31;82,6;1382;712
299;4326361000;Powiat Koszalin;262;3261;829311;0;Podregion 63 - koszaliñski;63;Podregion 63 - koszaliñski;63;Zachodniopomorskie;32;City;135,5630819;1;1;0;0;2015;7426;2211;2029;3186;20,4;23,5;7269;25534;7408;3715;3189,06;76,8;2422;0
300;4326562000;Powiat Szczecin;269;3262;829312;1;Podregion 65 - m. Szczecin;65;Podregion 65 - m. Szczecin;65;Zachodniopomorskie;32;City;0;1;1;0;0;2015;10381;2472;2062;5847;21,3;87,4;11246;39358;10767;7708;3184,98;76,7;12830;2522
301;5020204000;Powiat górowski;285;204;829320;0;Podregion 02 - legnicko-g³ogowski;2;Podregion 02 - legnicko-g³ogowski;2;Dolnoœl¹skie;2;County;75,27222711;4;0;2;2;2015;7075;3658;1118;2299;22,2;31,0;6861;22578;6501;2831;3242,71;78,1;2145;0
302;6224015000;Powiat wejherowski;344;2215;829230;0;Podregion 40 - gdañski;40;Podregion 40 - gdañski;40;Pomorskie;22;County;44,81689461;10;3;7;0;2015;35036;4588;10649;19799;11,9;359,7;47051;131459;30897;22446;3441,57;82,9;40745;2000
303;6224216000;Powiat sztumski;356;2216;829231;0;Podregion 42 - starogardzki;42;Podregion 42 - starogardzki;42;Pomorskie;22;County;67,16611212;5;0;3;2;2015;12078;79;1796;10203;3,4;88,0;4510;21904;10817;8806;4836,93;116,5;48594;0
304;6224361000;Powiat Gdañsk;357;2261;829232;1;Podregion 43 - trójmiejski;43;Podregion 43 - trójmiejski;43;Pomorskie;22;City;0;1;1;0;0;2015;25136;5626;8646;10864;14,4;285,4;20430;60163;16034;8599;3133,05;75,5;6618;9223
305;6224362000;Powiat Gdynia;358;2262;829233;0;Podregion 43 - trójmiejski;43;Podregion 43 - trójmiejski;43;Pomorskie;22;City;20,48038143;1;1;0;0;2015;12656;3299;3591;5766;18,8;209,5;10958;36374;9555;5128;3384,44;81,5;2959;592
306;6224207000;Powiat kwidzyñski;352;2207;829234;0;Podregion 42 - starogardzki;42;Podregion 42 - starogardzki;42;Pomorskie;22;County;78,86903554;6;1;4;1;2015;29747;2669;14367;12711;9,1;422,8;23280;72505;19825;10423;3821,28;92,1;14360;2742
307;2245075000;Powiat Sosnowiec;120;2475;829235;0;Podregion 50 - sosnowiecki;50;Podregion 50 - sosnowiecki;50;Œl¹skie;24;City;14,99811461;1;1;0;0;2015;46503;397;14497;31609;11,4;765,4;29383;128479;49519;23249;3706,45;89,3;164593;0
308;2244606000;Powiat k³obucki;98;2406;829236;0;Podregion 46 - czêstochowski;46;Podregion 46 - czêstochowski;;Œl¹skie;24;County;78,26359228;9;0;7;2;2015;22072;9125;6922;6025;11,5;97,1;14827;53762;16667;7158;2978,56;71,8;2600;530
309;2244705000;Powiat gliwicki;101;2405;829237;0;Podregion 47 - gliwicki;47;Podregion 47 - gliwicki;;Œl¹skie;24;County;38,87407736;8;2;4;2;2015;25330;4831;10128;10371;8,5;418,0;20233;73109;21837;9348;3420,49;82,4;38492;1777
310;2244507000;Powiat lubliniecki;93;2407;829238;0;Podregion 45 - bytomski;45;Podregion 45 - bytomski;;Œl¹skie;24;County;52,15273955;8;1;6;1;2015;18034;3844;5987;8203;9,8;181,3;13695;49126;14130;6293;3411,51;82,2;10095;71
311;2245108000;Powiat miko³owski;121;2408;829239;0;Podregion 51 - tyski;51;Podregion 51 - tyski;51;Œl¹skie;24;County;15,08901196;5;3;2;0;2015;28280;1364;14413;12503;5,9;678,5;18076;60869;17512;9370;3657,03;88,1;18249;106
312;2244609000;Powiat myszkowski;99;2409;829240;0;Podregion 46 - czêstochowski;46;Podregion 46 - czêstochowski;;Œl¹skie;24;County;47,43432969;5;1;2;2;2015;14249;3984;4788;5477;13,8;149,2;12002;44642;15140;7280;3331,77;80,3;7130;111
313;2245110000;Powiat pszczyñski;122;2410;829241;0;Podregion 51 - tyski;51;Podregion 51 - tyski;51;Œl¹skie;24;County;25,67086661;6;0;5;1;2015;34869;5030;17189;12650;4,9;424,6;22456;70954;16442;11205;3372,27;81,2;2451;4888
314;2244911000;Powiat raciborski;110;2411;829242;0;Podregion 49 - rybnicki;49;Podregion 49 - rybnicki;49;Œl¹skie;24;County;56,29647312;8;1;5;2;2015;27422;4383;9722;13317;6,7;264,0;17368;70845;20948;8550;3735,23;90,0;12409;288
315;2244912000;Powiat rybnicki;111;2412;829243;0;Podregion 49 - rybnicki;49;Podregion 49 - rybnicki;49;Œl¹skie;24;County;25,598755;5;0;4;1;2015;11217;2651;3897;4669;10,1;159,5;14794;49303;13334;5376;3624,92;87,3;20012;230
316;2244513000;Powiat tarnogórski;94;2413;829244;0;Podregion 45 - bytomski;45;Podregion 45 - bytomski;;Œl¹skie;24;County;32,01126689;9;4;5;0;2015;33400;2186;11042;20172;9,3;324,0;23217;87012;28608;15251;3569,46;86,0;32094;2593
317;2245114000;Powiat bieruñsko-lêdziñski;123;2414;829245;0;Podregion 51 - tyski;51;Podregion 51 - tyski;51;Œl¹skie;24;County;18,65820527;5;3;2;0;2015;19171;946;12762;5463;4,0;219,6;11319;38155;9499;4591;3657,77;88,1;15583;77
318;2244915000;Powiat wodzis³awski;112;2415;829246;0;Podregion 49 - rybnicki;49;Podregion 49 - rybnicki;49;Œl¹skie;24;County;47,97188411;9;4;5;0;2015;32974;3141;14463;15370;9,7;400,7;28272;98661;30898;11226;3211,61;77,4;21625;114
319;2245016000;Powiat zawierciañski;117;2416;829247;0;Podregion 50 - sosnowiecki;50;Podregion 50 - sosnowiecki;50;Œl¹skie;24;County;54,71473539;10;2;4;4;2015;27010;8045;8287;10678;13,6;247,2;19125;74023;27122;10992;3681,04;88,7;19087;0
320;2244417000;Powiat ¿ywiecki;91;2417;829248;0;Podregion 44 - bielski;44;Podregion 44 - bielski;;Œl¹skie;24;County;67,94007542;15;1;14;0;2015;35493;8248;13748;13497;10,4;339,5;28763;95850;28434;13813;4059,16;97,8;5125;510
321;2244967000;Powiat Jastrzêbie-Zdrój;113;2467;829249;0;Podregion 49 - rybnicki;49;Podregion 49 - rybnicki;49;Œl¹skie;24;City;37,84285832;1;1;0;0;2015;29909;1738;17332;10839;8,3;459,0;15709;55155;19419;5934;6182,71;148,9;50611;0
322;2244863000;Powiat Chorzów;104;2463;829250;0;Podregion 48 - katowicki;48;Podregion 48 - katowicki;;Œl¹skie;24;City;11,52433842;1;1;0;0;2015;27878;167;8401;19310;8,9;490,0;18543;66975;24239;11347;3754,13;90,4;85080;0
323;2244461000;Powiat Bielsko-Bia³a;92;2461;829251;0;Podregion 44 - bielski;44;Podregion 44 - bielski;;Œl¹skie;24;City;44,11116029;1;1;0;0;2015;75957;726;32258;42973;4,3;1229,4;29178;104028;39385;25902;4071,65;98,1;69414;0
324;2244562000;Powiat Bytom;95;2462;829252;0;Podregion 45 - bytomski;45;Podregion 45 - bytomski;;Œl¹skie;24;City;14;1;1;0;0;2015;29051;331;8894;19826;18,5;216,9;27027;106548;37186;16578;4050,32;97,6;96413;0
325;2245065000;Powiat D¹browa Górnicza;118;2465;829253;0;Podregion 50 - sosnowiecki;50;Podregion 50 - sosnowiecki;50;Œl¹skie;24;City;24,1536628;1;1;0;0;2015;40235;496;21389;18350;9,1;790,3;18846;77226;26640;12430;4613,23;111,1;26574;0
326;2244664000;Powiat Czêstochowa;100;2464;829254;0;Podregion 46 - czêstochowski;46;Podregion 46 - czêstochowski;;Œl¹skie;24;City;64,86700109;1;1;0;0;2015;73802;1872;27348;44582;8,5;667,7;34511;139722;53946;26744;3644,53;87,8;75770;0
327;2244766000;Powiat Gliwice;102;2466;829255;0;Podregion 47 - gliwicki;47;Podregion 47 - gliwicki;;Œl¹skie;24;City;28,63374639;1;1;0;0;2015;80909;655;32105;48149;5,5;2343,8;28894;114133;40365;24065;4726,43;113,9;92558;0
328;2244571000;Powiat Piekary Œl¹skie;96;2471;829256;0;Podregion 45 - bytomski;45;Podregion 45 - bytomski;;Œl¹skie;24;City;17,46925154;1;1;0;0;2015;11343;164;4185;6994;12,2;87,6;9178;35388;11808;4327;3958,91;95,4;42818;0
329;2244869000;Powiat Katowice;105;2469;829257;1;Podregion 48 - katowicki;48;Podregion 48 - katowicki;;Œl¹skie;24;City;0;1;1;0;0;2015;163729;598;34752;128379;3,8;1922,5;43062;185081;71767;46547;5262,02;126,8;94649;0
330;2245068000;Powiat Jaworzno;119;2468;829258;0;Podregion 50 - sosnowiecki;50;Podregion 50 - sosnowiecki;50;Œl¹skie;24;City;20,59178088;1;1;0;0;2015;21230;337;9781;11112;6,9;1227,1;14819;59410;18618;8337;5333,82;128,5;46352;0
331;2244870000;Powiat Mys³owice;106;2470;829259;0;Podregion 48 - katowicki;48;Podregion 48 - katowicki;;Œl¹skie;24;City;11,48939956;1;1;0;0;2015;19831;361;10543;8927;7,9;349,1;13020;47876;13955;7176;3787,80;91,3;22378;0
332;2244973000;Powiat Rybnik;114;2473;829260;0;Podregion 49 - rybnicki;49;Podregion 49 - rybnicki;49;Œl¹skie;24;City;35,90095621;1;1;0;0;2015;40327;656;17865;21806;6,9;1093,4;25002;88267;26326;13735;3762,40;90,6;43962;0
333;4326410000;Powiat myœliborski;265;3210;829301;0;Podregion 64 - stargardzki;64;Podregion 64 - szczecinecko-pyrzycki;64;Zachodniopomorskie;32;County;65,61317432;5;0;2;3;2015;9934;2094;2957;4883;14,8;173,9;9916;34435;9856;5756;3447,21;83,0;5455;120
334;4326611000;Powiat policki;273;3211;829302;0;Podregion 66 - szczeciñski;66;Podregion 66 - szczeciñski;66;Zachodniopomorskie;32;County;17,50077062;4;0;2;2;2015;22280;4081;7392;10807;14,4;239,9;21550;76600;22272;12294;3523,62;84,9;17135;751
335;5020126000;Powiat z³otoryjski;282;226;829314;0;Podregion 01 - jeleniogórski;1;Podregion 01 - jeleniogórski;1;Dolnoœl¹skie;2;County;78,25203178;6;2;3;1;2015;8670;2804;2212;3654;21,2;70,8;7600;28956;8042;4689;3826,13;92,2;14186;69
336;5020262000;Powiat Legnica;289;262;829315;0;Podregion 02 - legnicko-g³ogowski;2;Podregion 02 - legnicko-g³ogowski;2;Dolnoœl¹skie;2;City;64,60111149;1;1;0;0;2015;33684;338;11260;22086;7,1;446,8;16325;62999;21562;13714;3582,11;86,3;101191;0
337;5020106000;Powiat jeleniogórski;277;206;829321;0;Podregion 01 - jeleniogórski;1;Podregion 01 - jeleniogórski;1;Dolnoœl¹skie;2;County;89,95018548;9;4;5;0;2015;11220;1423;4195;5602;12,9;119,3;10297;41286;13016;11226;3413,66;82,2;4206;595
338;5020414000;Powiat oleœnicki;297;214;829331;0;Podregion 04 - wroc³awski;4;Podregion 04 - wroc³awski;4;Dolnoœl¹skie;2;County;43,66936126;8;1;3;4;2015;25110;5591;10147;9372;9,8;205,0;19675;67347;19464;10010;3456,50;83,3;17786;80
339;5020101000;Powiat boles³awiecki;275;201;829341;0;Podregion 01 - jeleniogórski;1;Podregion 01 - jeleniogórski;1;Dolnoœl¹skie;2;County;108,5315002;6;1;4;1;2015;22661;4391;9633;8637;7,6;281,8;16049;57119;17031;8338;3548,69;85,5;12698;90
340;5020308000;Powiat k³odzki;291;208;829324;0;Podregion 03 - wa³brzyski;3;Podregion 03 - wa³brzyski;3;Dolnoœl¹skie;2;County;73,56434115;14;5;3;6;2015;30174;5309;7408;17457;19,9;209,2;25132;101738;35595;17678;3410,23;82,2;44189;696
341;6040705000;Powiat golubsko-dobrzyñski;323;405;829345;0;Podregion 07 - grudzi¹dzki;7;Podregion 07 - grudzi¹dzki;7;Kujawsko-Pomorskie;4;County;66,02433143;6;1;4;1;2015;12612;4917;3572;4123;16,7;119,7;8923;28656;7763;3520;3492,49;84,1;3414;0
342;5020110000;Powiat lubañski;279;210;829326;0;Podregion 01 - jeleniogórski;1;Podregion 01 - jeleniogórski;1;Dolnoœl¹skie;2;County;118,3263385;7;2;3;2;2015;10983;2669;3043;5271;14,2;128,7;9226;35053;11254;5842;3313,97;79,8;7324;0
343;5020420000;Powiat trzebnicki;301;220;829336;0;Podregion 04 - wroc³awski;4;Podregion 04 - wroc³awski;4;Dolnoœl¹skie;2;County;38,49744187;6;0;2;4;2015;18378;5315;5710;7353;9,0;340,4;15768;53389;14542;8885;3323,99;80,1;9099;110
344;5020365000;Powiat Wa³brzych *;295;265;829337;0;Podregion 03 - wa³brzyski;3;Podregion 03 - wa³brzyski;3;Dolnoœl¹skie;2;City;82;7;4;2;1;2015;30661;304;12021;18336;10,4;379,3;16808;71364;27281;13995;4036,65;97,2;54105;0
345;6040706000;Powiat grudzi¹dzki;324;406;829346;0;Podregion 07 - grudzi¹dzki;7;Podregion 07 - grudzi¹dzki;7;Kujawsko-Pomorskie;4;County;60,87436097;6;0;4;2;2015;10179;4705;2847;2627;16,5;101,8;8440;25545;6361;2892;3403,47;82,0;1030;510
346;6040807000;Powiat inowroc³awski;331;407;829347;0;Podregion 08 - w³oc³awski;8;Podregion 67 - inowroc³awski;67;Kujawsko-Pomorskie;4;County;44,3952278;9;1;4;4;2015;21171;11841;3089;6241;23,3;313,9;15760;55299;15699;5992;3137,40;75,6;748;1009
347;5020422000;Powiat wo³owski;302;222;829338;0;Podregion 04 - wroc³awski;4;Podregion 04 - wroc³awski;4;Dolnoœl¹skie;2;County;47,63134668;3;0;1;2;2015;11119;2706;3549;4864;15,0;363,0;7889;30193;9112;3973;4001,80;96,4;16649;3460
348;6040801000;Powiat aleksandrowski;330;401;829342;0;Podregion 08 - w³oc³awski;8;Podregion 08 - w³oc³awski;8;Kujawsko-Pomorskie;4;County;61,06332714;9;3;6;0;2015;10188;5667;1070;3451;21,7;63,8;7125;26296;7952;3122;3095,39;74,6;369;124
349;5020423000;Powiat wroc³awski;303;223;829339;0;Podregion 04 - wroc³awski;4;Podregion 04 - wroc³awski;4;Dolnoœl¹skie;2;County;0;9;0;6;3;2015;48388;6281;19448;22659;3,4;1169,1;28086;86098;19961;17327;3706,59;89,3;10084;4602
350;5020324000;Powiat z¹bkowicki;294;224;829340;0;Podregion 03 - wa³brzyski;3;Podregion 03 - wa³brzyski;3;Dolnoœl¹skie;2;County;48,32004323;7;0;3;4;2015;14957;4533;4299;6125;14,9;79,5;10828;42255;13888;6811;3388,52;81,6;14228;0
351;6040702000;Powiat brodnicki;321;402;829343;0;Podregion 07 - grudzi¹dzki;7;Podregion 07 - grudzi¹dzki;7;Kujawsko-Pomorskie;4;County;93,62273775;10;1;7;2;2015;22519;6245;9396;6878;11,4;229,3;16026;49518;12887;5826;3165,06;76,3;7622;1120
352;6040603000;Powiat bydgoski;317;403;829344;0;Podregion 06 - bydgosko-toruñski;6;Podregion 06 - bydgosko-toruñski;6;Kujawsko-Pomorskie;4;County;3,938919706;8;0;6;2;2015;25691;4777;10154;10760;8,9;246,4;23280;72551;17161;12380;3548,05;85,5;2275;3940
353;5020415000;Powiat o³awski;298;215;829332;0;Podregion 04 - wroc³awski;4;Podregion 04 - wroc³awski;4;Dolnoœl¹skie;2;County;23,99461855;4;1;2;1;2015;27125;2662;15151;9312;7,8;465,1;13970;47646;14448;7516;3738,78;90,1;19208;200
354;5020216000;Powiat polkowicki;288;216;829333;0;Podregion 02 - legnicko-g³ogowski;2;Podregion 02 - legnicko-g³ogowski;2;Dolnoœl¹skie;2;County;89,95741953;6;0;3;3;2015;33464;2689;22411;8364;6,3;1365,9;12170;40425;10462;4656;4430,87;106,7;19546;9059
355;5020418000;Powiat œredzki-dolnoœl¹skie;300;218;829329;0;Podregion 04 - wroc³awski;4;Podregion 04 - wroc³awski;4;Dolnoœl¹skie;2;County;20,39017305;5;0;4;1;2015;13367;2893;6430;4044;8,2;322,3;9776;34236;8825;5316;3826,72;92,2;2348;178
356;5020413000;Powiat milicki;296;213;829330;0;Podregion 04 - wroc³awski;4;Podregion 04 - wroc³awski;4;Dolnoœl¹skie;2;County;58,56988173;3;0;2;1;2015;8440;2382;2543;3515;12,0;123,3;7420;22971;6822;3566;3221,15;77,6;5473;85
357;5020417000;Powiat strzeliñski;299;217;829334;0;Podregion 04 - wroc³awski;4;Podregion 04 - wroc³awski;4;Dolnoœl¹skie;2;County;27,85078113;5;0;3;2;2015;9971;3256;2549;4166;13,3;113,5;7713;28024;8428;3833;3595,32;86,6;2071;146
358;5020319000;Powiat œwidnicki-dolnoœl¹skie;292;219;829335;0;Podregion 03 - wa³brzyski;3;Podregion 03 - wa³brzyski;3;Dolnoœl¹skie;2;County;38,89138835;8;2;3;3;2015;40028;4595;19877;15556;9,9;625,7;26420;100381;32832;18372;3736,97;90,0;28472;1078
359;5020209000;Powiat legnicki;286;209;829325;0;Podregion 02 - legnicko-g³ogowski;2;Podregion 02 - legnicko-g³ogowski;2;Dolnoœl¹skie;2;City;70;6;1;5;0;2015;11733;3403;4275;4055;14,8;148,1;9854;35275;9922;4917;3403,32;82,0;4049;0
360;5020211000;Powiat lubiñski;287;211;829327;0;Podregion 02 - legnicko-g³ogowski;2;Podregion 02 - legnicko-g³ogowski;2;Dolnoœl¹skie;2;County;67,37141754;4;1;2;1;2015;27214;2575;9464;15175;7,0;482,9;18278;66158;21883;10070;6955,85;167,6;59276;30
361;5020112000;Powiat lwówecki;280;212;829328;0;Podregion 01 - jeleniogórski;1;Podregion 01 - jeleniogórski;1;Dolnoœl¹skie;2;County;100,5720433;5;0;0;5;2015;8816;2825;2587;3404;19,4;36,2;7748;29912;9017;4152;3323,95;80,1;4973;0
362;6040808000;Powiat lipnowski;332;408;829348;0;Podregion 08 - w³oc³awski;8;Podregion 08 - w³oc³awski;8;Kujawsko-Pomorskie;4;County;88,25777718;9;1;6;2;2015;31853;556;14280;17017;16,9;384,6;18237;69646;25158;11678;3631,31;87,5;22374;0
363;6040717000;Powiat w¹brzeski;328;417;829357;0;Podregion 07 - grudzi¹dzki;7;Podregion 07 - grudzi¹dzki;7;Kujawsko-Pomorskie;4;County;61,9106357;5;1;4;0;2015;12892;4522;2361;6009;18,9;119,2;9843;34665;11065;4796;3099,06;74,7;4686;0
364;6040713000;Powiat sêpoleñski;325;413;829353;0;Podregion 07 - grudzi¹dzki;7;Podregion 68 - œwiecki;68;Kujawsko-Pomorskie;4;County;44,88808046;4;0;1;3;2015;11845;4750;3335;3760;15,7;107,0;8670;27669;8045;3372;3134,03;75,5;1617;281
365;6040818000;Powiat w³oc³awski;337;418;829358;0;Podregion 08 - w³oc³awski;8;Podregion 08 - w³oc³awski;8;Kujawsko-Pomorskie;4;County;97,06788737;13;1;7;5;2015;9227;3150;2795;3282;19,3;48,1;8303;25992;7206;3084;3232,37;77,9;6115;393
366;6040714000;Powiat œwiecki;326;414;829354;0;Podregion 07 - grudzi¹dzki;7;Podregion 68 - œwiecki;68;Kujawsko-Pomorskie;4;County;45,89819321;11;0;9;2;2015;9321;3801;2641;2879;17,9;71,6;6604;21991;6249;2469;3336,63;80,4;2672;0
367;6040615000;Powiat toruñski;318;415;829355;0;Podregion 06 - bydgosko-toruñski;6;Podregion 06 - bydgosko-toruñski;6;Kujawsko-Pomorskie;4;County;42,56454117;9;1;8;0;2015;21526;6998;6980;7548;15,9;181,5;22381;66162;14854;9548;3107,90;74,9;5553;2633
368;6040819000;Powiat ¿niñski;338;419;829359;0;Podregion 08 - w³oc³awski;8;Podregion 67 - inowroc³awski;67;Kujawsko-Pomorskie;4;County;41,50960401;6;0;2;4;2015;24521;5340;9659;9522;12,3;1058,9;19272;63243;17249;7559;3516,40;84,7;5509;480
369;6040661000;Powiat Bydgoszcz;319;461;829360;1;Podregion 06 - bydgosko-toruñski;6;Podregion 06 - bydgosko-toruñski;6;Kujawsko-Pomorskie;4;City;0;1;1;0;0;2015;121440;825;37535;83080;5,4;1826,0;55757;217487;82401;42864;3850,09;92,8;140733;0
370;6040809000;Powiat mogileñski;333;409;829349;0;Podregion 08 - w³oc³awski;8;Podregion 67 - inowroc³awski;67;Kujawsko-Pomorskie;4;County;58,40530102;4;0;2;2;2015;39116;7683;14165;17268;18,2;764,1;27565;103708;31272;13377;3257,22;78,5;57288;303
371;6040762000;Powiat Grudzi¹dz;329;462;829361;0;Podregion 07 - grudzi¹dzki;7;Podregion 07 - grudzi¹dzki;7;Kujawsko-Pomorskie;4;City;70,99907301;1;1;0;0;2015;16699;7112;3472;6115;20,3;60,1;13420;42405;10998;4862;2859,77;68,9;1210;36
372;6040663000;Powiat Toruñ;320;463;829362;0;Podregion 06 - bydgosko-toruñski;6;Podregion 06 - bydgosko-toruñski;6;Kujawsko-Pomorskie;4;City;41,1135769;1;1;0;0;2015;64026;497;17489;46040;6,9;933,5;33384;126388;42917;25937;3991,61;96,2;104277;0
373;6040864000;Powiat W³oc³awek;339;464;829363;0;Podregion 08 - w³oc³awski;8;Podregion 08 - w³oc³awski;8;Kujawsko-Pomorskie;4;City;87,82652871;1;1;0;0;2015;12290;4596;3652;4042;16,8;53,1;9895;30432;8054;3416;3067,37;73,9;2140;942
374;6040811000;Powiat radziejowski;335;411;829350;0;Podregion 08 - w³oc³awski;8;Podregion 08 - w³oc³awski;8;Kujawsko-Pomorskie;4;County;74,21542335;7;1;5;1;2015;17704;5143;3944;8617;17,5;92,2;17296;55154;14391;6265;3182,69;76,7;13411;1606
375;6040810000;Powiat nakielski;334;410;829351;0;Podregion 08 - w³oc³awski;8;Podregion 67 - inowroc³awski;67;Kujawsko-Pomorskie;4;County;31,87068145;5;0;1;4;2015;11553;3907;2891;4755;15,8;154,5;8482;29341;8431;3317;3317,85;79,9;2741;75
376;6040812000;Powiat rypiñski;336;412;829352;0;Podregion 08 - w³oc³awski;8;Podregion 07 - grudzi¹dzki;7;Kujawsko-Pomorskie;4;County;92,26187064;6;1;5;0;2015;16083;5708;3341;7034;17,0;57,7;13349;44402;12855;5398;3042,27;73,3;9289;2748
377;6040716000;Powiat tucholski;327;416;829356;0;Podregion 07 - grudzi¹dzki;7;Podregion 68 - œwiecki;68;Kujawsko-Pomorskie;4;County;47,28540832;6;0;5;1;2015;22582;517;8240;13825;14,2;220,4;16672;59278;20369;8142;3212,29;77,4;25627;0
378;6040704000;Powiat che³miñski;322;404;829364;0;Podregion 07 - grudzi¹dzki;7;Podregion 07 - grudzi¹dzki;7;Kujawsko-Pomorskie;4;County;52;7;1;6;0;2015;11893;3715;3999;4179;17,5;145,7;10141;33263;8957;3654;3299,94;79,5;3062;210
379;5020321000;Powiat wa³brzyski;293;221;1296647;0;Podregion 03 - wa³brzyski;3;Podregion 03 - wa³brzyski;3;Dolnoœl¹skie;2;County;56,08907144;9;4;3;2;2015;7136;1286;1771;4079;22,4;66,9;9090;35967;11966;6267;3293,54;79,3;16884;566
380;4081409000;Powiat zielonogórski;214;809;829068;0;Podregion 14 - zielonogórski;14;Podregion 14 - zielonogórski;14;Lubuskie;8;County;3,044848239;10;0;5;5;2015;17680;3964;6271;7445;11,1;236,6;13825;48456;12938;6784;3699,79;89,1;12634;1588
